arm,shape,state,run,wall_ms,total_ms,source_ms,operators_ms,rows,notes
heap-xpb,full,newconn,1,298.486,297.0,210.1,37.3,10000000,"first call in a fresh backend"
heap-xpb,full,newconn,2,216.205,215.2,156.6,25.5,10000000,"second call, same backend"
heap-xpb,full,warm,1,224.217,223.3,161.8,26.9,10000000,""
heap-xpb,full,warm,2,239.894,238.6,168.7,30.3,10000000,""
heap-xpb,full,warm,3,244.826,243.6,169.9,31.4,10000000,""
heap-xpb,full,warm,4,239.835,238.9,167.5,30.5,10000000,""
heap-xpb,full,warm,5,294.685,293.4,219.3,32.4,10000000,""
pgcolumnar-xpb,full,newconn,1,287.375,284.8,226.3,24.4,10000000,"first call in a fresh backend"
pgcolumnar-xpb,full,newconn,2,328.994,327.8,255.1,31.0,10000000,"second call, same backend"
pgcolumnar-xpb,full,warm,1,252.637,251.7,198.6,22.5,10000000,""
pgcolumnar-xpb,full,warm,2,253.579,252.7,199.6,22.9,10000000,""
pgcolumnar-xpb,full,warm,3,295.196,294.3,230.5,27.7,10000000,""
pgcolumnar-xpb,full,warm,4,252.224,251.4,197.9,23.0,10000000,""
pgcolumnar-xpb,full,warm,5,252.771,251.8,198.5,22.9,10000000,""
zlfs-xpb,full,newconn,1,331.973,59.1,0.0,26.6,10000000,"first call in a fresh backend"
zlfs-xpb,full,newconn,2,60.295,59.4,0.0,26.5,10000000,"second call, same backend"
zlfs-xpb,full,warm,1,83.745,82.5,0.1,35.7,10000000,""
zlfs-xpb,full,warm,2,83.762,82.5,0.1,35.9,10000000,""
zlfs-xpb,full,warm,3,69.011,68.0,0.0,30.2,10000000,""
zlfs-xpb,full,warm,4,67.132,66.3,0.0,28.5,10000000,""
zlfs-xpb,full,warm,5,61.826,60.9,0.0,27.0,10000000,""
parquet-local-xpb,full,newconn,1,222.874,217.1,152.1,25.2,10000000,"first call in a fresh backend"
parquet-local-xpb,full,newconn,2,210.558,207.5,138.6,25.1,10000000,"second call, same backend"
parquet-local-xpb,full,warm,1,200.534,197.7,133.4,23.6,10000000,""
parquet-local-xpb,full,warm,2,199.280,196.6,133.8,24.0,10000000,""
parquet-local-xpb,full,warm,3,220.445,217.3,149.2,24.2,10000000,""
parquet-local-xpb,full,warm,4,200.366,196.9,134.7,23.6,10000000,""
parquet-local-xpb,full,warm,5,205.255,202.5,134.9,25.2,10000000,""
parquet-s3-xpb,full,newconn,1,11100.830,11054.3,10967.7,30.5,10000000,"first call in a fresh backend"
parquet-s3-xpb,full,newconn,2,10348.144,10304.1,10223.3,28.0,10000000,"second call, same backend"
parquet-s3-xpb,full,warm,1,10228.364,10180.8,10100.0,28.2,10000000,""
parquet-s3-xpb,full,warm,2,10682.265,10641.6,10557.0,29.5,10000000,""
parquet-s3-xpb,full,warm,3,10282.736,10242.9,10163.1,27.6,10000000,""
parquet-s3-xpb,full,warm,4,10209.172,10172.1,10093.7,27.9,10000000,""
parquet-s3-xpb,full,warm,5,10828.076,10783.2,10695.0,30.6,10000000,""
heap-xpb,selective,newconn,1,214.316,212.4,202.7,3.6,1000008,"first call in a fresh backend"
heap-xpb,selective,newconn,2,131.656,130.7,124.7,2.5,1000008,"second call, same backend"
heap-xpb,selective,warm,1,126.369,125.6,116.6,5.4,1000008,""
heap-xpb,selective,warm,2,124.177,123.3,117.2,2.5,1000008,""
heap-xpb,selective,warm,3,121.967,121.2,115.1,2.4,1000008,""
heap-xpb,selective,warm,4,122.554,121.8,115.6,2.6,1000008,""
heap-xpb,selective,warm,5,121.952,121.2,114.9,2.3,1000008,""
pgcolumnar-xpb,selective,newconn,1,36.494,35.0,28.5,2.6,1000008,"first call in a fresh backend"
pgcolumnar-xpb,selective,newconn,2,27.231,26.4,20.7,2.3,1000008,"second call, same backend"
pgcolumnar-xpb,selective,warm,1,26.618,25.8,20.4,2.3,1000008,""
pgcolumnar-xpb,selective,warm,2,25.887,25.1,19.7,2.2,1000008,""
pgcolumnar-xpb,selective,warm,3,26.607,25.8,20.3,2.3,1000008,""
pgcolumnar-xpb,selective,warm,4,26.646,25.8,20.3,2.2,1000008,""
pgcolumnar-xpb,selective,warm,5,26.924,26.1,20.5,2.2,1000008,""
zlfs-xpb,selective,newconn,1,263.889,6.4,0.0,2.7,1000008,"first call in a fresh backend"
zlfs-xpb,selective,newconn,2,6.825,6.1,0.0,2.5,1000008,"second call, same backend"
zlfs-xpb,selective,warm,1,7.646,6.9,0.0,3.1,1000008,""
zlfs-xpb,selective,warm,2,8.337,7.7,0.0,3.0,1000008,""
zlfs-xpb,selective,warm,3,8.810,8.2,0.0,3.3,1000008,""
zlfs-xpb,selective,warm,4,8.803,8.1,0.0,3.3,1000008,""
zlfs-xpb,selective,warm,5,8.868,8.2,0.0,3.4,1000008,""
parquet-local-xpb,selective,newconn,1,29.633,24.8,16.9,2.5,1000008,"first call in a fresh backend"
parquet-local-xpb,selective,newconn,2,26.393,23.4,15.9,2.3,1000008,"second call, same backend"
parquet-local-xpb,selective,warm,1,23.126,20.5,13.6,2.4,1000008,""
parquet-local-xpb,selective,warm,2,22.750,20.5,13.5,2.3,1000008,""
parquet-local-xpb,selective,warm,3,22.891,20.7,13.5,2.3,1000008,""
parquet-local-xpb,selective,warm,4,24.419,22.2,15.2,2.4,1000008,""
parquet-local-xpb,selective,warm,5,22.480,20.3,13.6,2.3,1000008,""
parquet-s3-xpb,selective,newconn,1,1149.012,1102.2,1092.1,3.2,1000008,"first call in a fresh backend"
parquet-s3-xpb,selective,newconn,2,1182.992,1138.3,1128.7,2.9,1000008,"second call, same backend"
parquet-s3-xpb,selective,warm,1,1140.358,1097.6,1088.4,3.0,1000008,""
parquet-s3-xpb,selective,warm,2,1136.191,1089.4,1081.0,2.8,1000008,""
parquet-s3-xpb,selective,warm,3,1053.448,1004.9,996.7,2.8,1000008,""
parquet-s3-xpb,selective,warm,4,1212.879,1174.0,1163.3,3.3,1000008,""
parquet-s3-xpb,selective,warm,5,1114.448,1064.3,1055.1,3.1,1000008,""
heap-xpb,narrow,newconn,1,191.056,189.7,188.6,0.3,83334,"first call in a fresh backend"
heap-xpb,narrow,newconn,2,116.547,115.7,114.8,0.2,83334,"second call, same backend"
heap-xpb,narrow,warm,1,145.386,144.5,143.5,0.2,83334,""
heap-xpb,narrow,warm,2,116.595,115.7,114.8,0.3,83334,""
heap-xpb,narrow,warm,3,127.040,126.1,124.8,0.3,83334,""
heap-xpb,narrow,warm,4,115.124,114.2,113.4,0.2,83334,""
heap-xpb,narrow,warm,5,111.525,110.7,109.8,0.2,83334,""
pgcolumnar-xpb,narrow,newconn,1,13.732,11.5,10.0,0.3,83334,"first call in a fresh backend"
pgcolumnar-xpb,narrow,newconn,2,11.143,10.1,8.9,0.3,83334,"second call, same backend"
pgcolumnar-xpb,narrow,warm,1,9.897,8.8,7.6,0.3,83334,""
pgcolumnar-xpb,narrow,warm,2,9.986,8.9,7.8,0.3,83334,""
pgcolumnar-xpb,narrow,warm,3,9.500,8.4,7.3,0.3,83334,""
pgcolumnar-xpb,narrow,warm,4,8.037,7.2,6.5,0.2,83334,""
pgcolumnar-xpb,narrow,warm,5,6.393,5.8,5.1,0.2,83334,""
zlfs-xpb,narrow,newconn,1,255.690,1.3,0.0,0.2,83334,"first call in a fresh backend"
zlfs-xpb,narrow,newconn,2,1.503,0.8,0.0,0.2,83334,"second call, same backend"
zlfs-xpb,narrow,warm,1,2.345,1.2,0.0,0.3,83334,""
zlfs-xpb,narrow,warm,2,1.882,1.1,0.0,0.3,83334,""
zlfs-xpb,narrow,warm,3,1.861,1.2,0.0,0.3,83334,""
zlfs-xpb,narrow,warm,4,1.770,1.1,0.0,0.3,83334,""
zlfs-xpb,narrow,warm,5,1.784,1.1,0.0,0.4,83334,""
parquet-local-xpb,narrow,newconn,1,13.264,6.5,4.0,0.4,83334,"first call in a fresh backend"
parquet-local-xpb,narrow,newconn,2,8.093,4.1,1.9,0.3,83334,"second call, same backend"
parquet-local-xpb,narrow,warm,1,9.500,4.2,2.1,0.3,83334,""
parquet-local-xpb,narrow,warm,2,7.607,4.1,2.0,0.3,83334,""
parquet-local-xpb,narrow,warm,3,7.322,4.0,2.0,0.3,83334,""
parquet-local-xpb,narrow,warm,4,7.499,4.1,2.0,0.3,83334,""
parquet-local-xpb,narrow,warm,5,7.438,4.0,2.0,0.3,83334,""
parquet-s3-xpb,narrow,newconn,1,158.603,106.7,104.6,0.2,83334,"first call in a fresh backend"
parquet-s3-xpb,narrow,newconn,2,136.760,92.7,91.1,0.2,83334,"second call, same backend"
parquet-s3-xpb,narrow,warm,1,130.096,88.1,86.5,0.2,83334,""
parquet-s3-xpb,narrow,warm,2,134.530,91.0,89.6,0.2,83334,""
parquet-s3-xpb,narrow,warm,3,133.746,93.0,91.6,0.2,83334,""
parquet-s3-xpb,narrow,warm,4,139.453,98.4,96.6,0.3,83334,""
parquet-s3-xpb,narrow,warm,5,156.359,104.9,103.4,0.2,83334,""
