path,run,total_ms,source_ms,join1_ms,join2_ms,agg_ms
xpb_heap,1,22.7,15.9,1.8,2.1,2.9
xpb_heap,2,26.6,19.0,2.0,1.9,3.7
xpb_heap,3,25.3,18.0,1.9,2.3,3.0
xpb_heap,4,25.1,18.3,1.8,2.0,3.1
xpb_heap,5,25.0,17.5,2.2,2.1,3.1
xpb_zlfs,1,7.2,0.0,2.0,2.1,3.1
xpb_zlfs,2,7.1,0.0,2.0,1.9,3.2
xpb_zlfs,3,7.0,0.0,1.8,2.2,3.0
xpb_zlfs,4,6.9,0.0,1.9,2.1,2.9
xpb_zlfs,5,6.7,0.0,1.8,2.0,2.9
xpb_pgcolumnar,1,35.6,28.9,1.8,2.0,2.9
xpb_pgcolumnar,2,35.9,29.2,1.9,1.9,2.9
xpb_pgcolumnar,3,35.6,28.7,1.9,2.0,3.0
xpb_pgcolumnar,4,35.5,28.9,1.8,1.9,2.9
xpb_pgcolumnar,5,35.7,29.0,1.9,1.9,2.8
vanilla_single,1,309.373,,,,
vanilla_single,2,328.857,,,,
vanilla_single,3,315.45,,,,
vanilla_single,4,344.918,,,,
vanilla_single,5,329.625,,,,
native_columnar,1,497.631,,,,
native_columnar,2,442.87,,,,
native_columnar,3,457.424,,,,
native_columnar,4,442.844,,,,
native_columnar,5,433.734,,,,
vanilla_default,1,174.628,,,,
vanilla_default,2,168.56,,,,
vanilla_default,3,171.816,,,,
vanilla_default,4,164.609,,,,
vanilla_default,5,173.133,,,,
