path,period_lo,period_hi,run,total_ms,open_ms,source_ms,join1_ms,join2_ms,agg_ms,operators_ms,rows,rowgroups_read,rows_in_read_groups,rows_emitted
xpb_heap,1,1,1,53.7,0.0,52.5,0.3,0.3,0.3,0.9,83334,,,
xpb_heap,1,1,2,55.0,0.0,53.4,0.3,0.5,0.4,1.1,83334,,,
xpb_heap,1,1,3,57.7,0.0,56.4,0.3,0.3,0.2,0.9,83334,,,
xpb_heap,1,1,4,69.1,0.0,66.6,0.4,0.3,0.5,1.2,83334,,,
xpb_heap,1,1,5,75.7,0.1,73.8,0.4,0.4,0.4,1.2,83334,,,
xpb_pgcolumnar,1,1,1,14.4,0.3,12.3,0.4,0.5,0.3,1.3,83334,1,150000,83334
xpb_pgcolumnar,1,1,2,13.2,0.4,11.2,0.4,0.3,0.3,0.9,83334,1,150000,83334
xpb_pgcolumnar,1,1,3,10.3,0.2,8.7,0.3,0.4,0.3,1.0,83334,1,150000,83334
xpb_pgcolumnar,1,1,4,17.6,0.3,15.2,1.0,0.3,0.3,1.6,83334,1,150000,83334
xpb_pgcolumnar,1,1,5,14.8,0.4,12.6,0.5,0.5,0.4,1.4,83334,1,150000,83334
xpb_zlfs,1,1,1,20.1,18.8,0.0,0.3,0.3,0.3,0.9,83334,,,
xpb_zlfs,1,1,2,20.5,19.0,0.0,0.3,0.5,0.3,1.1,83334,,,
xpb_zlfs,1,1,3,23.1,21.2,0.0,0.5,0.5,0.4,1.4,83334,,,
xpb_zlfs,1,1,4,19.4,17.7,0.0,0.5,0.4,0.3,1.2,83334,,,
xpb_zlfs,1,1,5,20.1,18.7,0.0,0.4,0.3,0.2,0.9,83334,,,
xpb_heap,1,3,1,70.1,0.0,67.4,0.7,0.7,0.9,2.3,250002,,,
xpb_heap,1,3,2,73.6,0.0,70.0,0.7,1.0,1.5,3.2,250002,,,
xpb_heap,1,3,3,67.0,0.0,64.3,0.7,0.7,0.8,2.2,250002,,,
xpb_heap,1,3,4,66.2,0.1,63.2,0.8,0.7,0.8,2.3,250002,,,
xpb_heap,1,3,5,69.1,0.0,66.0,0.8,0.8,1.0,2.6,250002,,,
xpb_pgcolumnar,1,3,1,28.2,0.3,23.8,1.1,1.3,1.2,3.6,250002,2,300000,250002
xpb_pgcolumnar,1,3,2,17.9,0.2,15.2,0.6,0.8,0.7,2.1,250002,2,300000,250002
xpb_pgcolumnar,1,3,3,18.3,0.2,15.3,0.7,0.7,0.8,2.2,250002,2,300000,250002
xpb_pgcolumnar,1,3,4,33.8,0.5,28.1,1.3,1.3,2.0,4.6,250002,2,300000,250002
xpb_pgcolumnar,1,3,5,20.0,0.2,17.0,0.8,0.8,0.8,2.3,250002,2,300000,250002
xpb_zlfs,1,3,1,27.6,24.3,0.0,0.6,0.9,0.7,2.2,250002,,,
xpb_zlfs,1,3,2,24.3,21.8,0.0,0.6,0.8,0.7,2.1,250002,,,
xpb_zlfs,1,3,3,24.2,21.6,0.0,0.7,0.7,0.7,2.2,250002,,,
xpb_zlfs,1,3,4,24.0,21.5,0.0,0.7,0.6,0.8,2.1,250002,,,
xpb_zlfs,1,3,5,24.0,21.2,0.0,0.9,0.7,0.8,2.4,250002,,,
xpb_heap,1,6,1,78.7,0.0,74.2,1.3,1.3,1.5,4.1,500004,,,
xpb_heap,1,6,2,75.9,0.0,71.1,1.4,1.3,1.6,4.4,500004,,,
xpb_heap,1,6,3,77.1,0.0,71.6,1.4,1.5,1.5,4.4,500004,,,
xpb_heap,1,6,4,83.1,0.0,77.5,1.7,1.5,1.8,5.0,500004,,,
xpb_heap,1,6,5,73.0,0.0,68.0,1.4,1.5,1.5,4.5,500004,,,
xpb_pgcolumnar,1,6,1,26.3,0.3,21.7,1.2,1.2,1.5,3.9,500004,4,600000,500004
xpb_pgcolumnar,1,6,2,27.5,0.2,22.8,1.2,1.3,1.5,4.0,500004,4,600000,500004
xpb_pgcolumnar,1,6,3,27.0,0.3,22.3,1.2,1.3,1.4,3.9,500004,4,600000,500004
xpb_pgcolumnar,1,6,4,30.0,0.3,24.7,1.5,1.6,1.6,4.6,500004,4,600000,500004
xpb_pgcolumnar,1,6,5,28.9,0.3,24.0,1.4,1.2,1.5,4.2,500004,4,600000,500004
xpb_zlfs,1,6,1,34.4,29.8,0.0,1.2,1.2,1.7,4.1,500004,,,
xpb_zlfs,1,6,2,35.8,31.1,0.0,1.3,1.4,1.5,4.2,500004,,,
xpb_zlfs,1,6,3,35.7,30.7,0.0,1.5,1.4,1.5,4.4,500004,,,
xpb_zlfs,1,6,4,38.6,32.4,0.0,1.6,1.7,2.2,5.6,500004,,,
xpb_zlfs,1,6,5,35.4,30.8,0.0,1.4,1.2,1.5,4.0,500004,,,
xpb_heap,1,12,1,82.4,0.0,73.8,2.6,2.6,2.9,8.1,1000008,,,
xpb_heap,1,12,2,85.1,0.0,76.7,2.6,2.4,2.9,8.0,1000008,,,
xpb_heap,1,12,3,88.3,0.0,79.5,2.6,2.6,2.9,8.2,1000008,,,
xpb_heap,1,12,4,94.7,0.0,85.6,2.7,2.7,3.1,8.5,1000008,,,
xpb_heap,1,12,5,101.6,0.0,91.1,3.2,3.2,3.5,9.9,1000008,,,
xpb_pgcolumnar,1,12,1,46.9,0.2,38.4,2.5,2.5,2.8,7.9,1000008,7,1000008,1000008
xpb_pgcolumnar,1,12,2,70.4,0.3,56.3,4.0,4.3,5.0,13.2,1000008,7,1000008,1000008
xpb_pgcolumnar,1,12,3,41.5,0.2,33.4,2.2,2.4,3.0,7.5,1000008,7,1000008,1000008
xpb_pgcolumnar,1,12,4,47.4,0.3,38.7,2.3,2.4,3.2,7.8,1000008,7,1000008,1000008
xpb_pgcolumnar,1,12,5,41.2,0.3,33.0,2.4,2.3,2.9,7.5,1000008,7,1000008,1000008
xpb_zlfs,1,12,1,47.0,37.2,0.0,2.8,3.0,3.5,9.2,1000008,,,
xpb_zlfs,1,12,2,48.5,34.6,0.0,4.3,4.4,4.6,13.3,1000008,,,
xpb_zlfs,1,12,3,39.5,31.1,0.0,2.8,2.3,2.8,7.9,1000008,,,
xpb_zlfs,1,12,4,42.2,32.8,0.0,2.9,2.8,3.3,9.0,1000008,,,
xpb_zlfs,1,12,5,44.9,36.3,0.0,2.3,2.4,3.2,7.9,1000008,,,
vanilla_single_heap,1,1,1,79.466,,,,,,,,,,
vanilla_single_heap,1,1,2,108.646,,,,,,,,,,
vanilla_single_heap,1,1,3,86.859,,,,,,,,,,
vanilla_single_heap,1,1,4,81.522,,,,,,,,,,
vanilla_single_heap,1,1,5,84.866,,,,,,,,,,
vanilla_parallel_heap,1,1,1,54.808,,,,,,,,,,
vanilla_parallel_heap,1,1,2,52.884,,,,,,,,,,
vanilla_parallel_heap,1,1,3,51.350,,,,,,,,,,
vanilla_parallel_heap,1,1,4,51.891,,,,,,,,,,
vanilla_parallel_heap,1,1,5,51.439,,,,,,,,,,
vanilla_single_col,1,1,1,39.712,,,,,,,,,,
vanilla_single_col,1,1,2,37.029,,,,,,,,,,
vanilla_single_col,1,1,3,36.602,,,,,,,,,,
vanilla_single_col,1,1,4,64.295,,,,,,,,,,
vanilla_single_col,1,1,5,40.029,,,,,,,,,,
vanilla_parallel_col,1,1,1,41.368,,,,,,,,,,
vanilla_parallel_col,1,1,2,39.766,,,,,,,,,,
vanilla_parallel_col,1,1,3,39.717,,,,,,,,,,
vanilla_parallel_col,1,1,4,42.171,,,,,,,,,,
vanilla_parallel_col,1,1,5,36.844,,,,,,,,,,
vanilla_single_heap,1,3,1,131.698,,,,,,,,,,
vanilla_single_heap,1,3,2,126.210,,,,,,,,,,
vanilla_single_heap,1,3,3,150.138,,,,,,,,,,
vanilla_single_heap,1,3,4,127.986,,,,,,,,,,
vanilla_single_heap,1,3,5,137.580,,,,,,,,,,
vanilla_parallel_heap,1,3,1,72.003,,,,,,,,,,
vanilla_parallel_heap,1,3,2,77.859,,,,,,,,,,
vanilla_parallel_heap,1,3,3,74.839,,,,,,,,,,
vanilla_parallel_heap,1,3,4,75.010,,,,,,,,,,
vanilla_parallel_heap,1,3,5,73.119,,,,,,,,,,
vanilla_single_col,1,3,1,109.261,,,,,,,,,,
vanilla_single_col,1,3,2,104.642,,,,,,,,,,
vanilla_single_col,1,3,3,107.837,,,,,,,,,,
vanilla_single_col,1,3,4,111.345,,,,,,,,,,
vanilla_single_col,1,3,5,111.358,,,,,,,,,,
vanilla_parallel_col,1,3,1,64.734,,,,,,,,,,
vanilla_parallel_col,1,3,2,66.491,,,,,,,,,,
vanilla_parallel_col,1,3,3,75.171,,,,,,,,,,
vanilla_parallel_col,1,3,4,64.326,,,,,,,,,,
vanilla_parallel_col,1,3,5,63.922,,,,,,,,,,
vanilla_single_heap,1,6,1,196.164,,,,,,,,,,
vanilla_single_heap,1,6,2,192.466,,,,,,,,,,
vanilla_single_heap,1,6,3,188.620,,,,,,,,,,
vanilla_single_heap,1,6,4,196.809,,,,,,,,,,
vanilla_single_heap,1,6,5,212.525,,,,,,,,,,
vanilla_parallel_heap,1,6,1,108.431,,,,,,,,,,
vanilla_parallel_heap,1,6,2,108.485,,,,,,,,,,
vanilla_parallel_heap,1,6,3,120.589,,,,,,,,,,
vanilla_parallel_heap,1,6,4,129.634,,,,,,,,,,
vanilla_parallel_heap,1,6,5,125.950,,,,,,,,,,
vanilla_single_col,1,6,1,202.855,,,,,,,,,,
vanilla_single_col,1,6,2,237.137,,,,,,,,,,
vanilla_single_col,1,6,3,217.026,,,,,,,,,,
vanilla_single_col,1,6,4,202.202,,,,,,,,,,
vanilla_single_col,1,6,5,227.661,,,,,,,,,,
vanilla_parallel_col,1,6,1,115.029,,,,,,,,,,
vanilla_parallel_col,1,6,2,141.999,,,,,,,,,,
vanilla_parallel_col,1,6,3,146.667,,,,,,,,,,
vanilla_parallel_col,1,6,4,123.817,,,,,,,,,,
vanilla_parallel_col,1,6,5,120.295,,,,,,,,,,
vanilla_single_heap,1,12,1,410.478,,,,,,,,,,
vanilla_single_heap,1,12,2,318.911,,,,,,,,,,
vanilla_single_heap,1,12,3,324.666,,,,,,,,,,
vanilla_single_heap,1,12,4,339.381,,,,,,,,,,
vanilla_single_heap,1,12,5,353.184,,,,,,,,,,
vanilla_parallel_heap,1,12,1,173.027,,,,,,,,,,
vanilla_parallel_heap,1,12,2,181.161,,,,,,,,,,
vanilla_parallel_heap,1,12,3,176.943,,,,,,,,,,
vanilla_parallel_heap,1,12,4,186.593,,,,,,,,,,
vanilla_parallel_heap,1,12,5,199.403,,,,,,,,,,
vanilla_single_col,1,12,1,436.350,,,,,,,,,,
vanilla_single_col,1,12,2,409.060,,,,,,,,,,
vanilla_single_col,1,12,3,403.197,,,,,,,,,,
vanilla_single_col,1,12,4,402.410,,,,,,,,,,
vanilla_single_col,1,12,5,421.003,,,,,,,,,,
vanilla_parallel_col,1,12,1,207.352,,,,,,,,,,
vanilla_parallel_col,1,12,2,216.990,,,,,,,,,,
vanilla_parallel_col,1,12,3,222.335,,,,,,,,,,
vanilla_parallel_col,1,12,4,219.195,,,,,,,,,,
vanilla_parallel_col,1,12,5,238.733,,,,,,,,,,
