arm,period_lo,period_hi,run,total_ms,open_ms,source_ms,operators_ms,rows,heap_path,tuples_deformed,attrs_deformed,attrs_walked,attrs_materialized
fixedlayout-fixed,90,91,1,23.8,0.0,23.3,0.0,0,fixed,0,0,0,0
fixedlayout-fixed,90,91,2,20.8,0.0,20.3,0.0,0,fixed,0,0,0,0
fixedlayout-fixed,90,91,3,25.0,0.0,24.5,0.0,0,fixed,0,0,0,0
fixedlayout-fixed,90,91,4,22.5,0.1,21.9,0.0,0,fixed,0,0,0,0
fixedlayout-fixed,90,91,5,21.4,0.0,21.0,0.0,0,fixed,0,0,0,0
fixedlayout-deform,90,91,1,41.1,0.0,40.6,0.0,0,deform,1000008,9000072,0,0
fixedlayout-deform,90,91,2,36.9,0.0,36.3,0.0,0,deform,1000008,9000072,0,0
fixedlayout-deform,90,91,3,62.2,0.1,61.4,0.0,0,deform,1000008,9000072,0,0
fixedlayout-deform,90,91,4,54.4,0.0,53.8,0.0,0,deform,1000008,9000072,0,0
fixedlayout-deform,90,91,5,40.9,0.0,40.3,0.0,0,deform,1000008,9000072,0,0
fixedlayout-projected,90,91,1,54.8,0.0,54.3,0.0,0,projected,0,0,5000040,5000040
fixedlayout-projected,90,91,2,75.6,0.1,74.8,0.0,0,projected,0,0,5000040,5000040
fixedlayout-projected,90,91,3,49.4,0.0,48.8,0.0,0,projected,0,0,5000040,5000040
fixedlayout-projected,90,91,4,43.7,0.0,43.1,0.0,0,projected,0,0,5000040,5000040
fixedlayout-projected,90,91,5,49.4,0.0,48.8,0.0,0,projected,0,0,5000040,5000040
bad-deform,90,91,1,45.5,0.0,45.0,0.0,0,deform,1000008,9000072,0,0
bad-deform,90,91,2,54.1,0.0,52.8,0.0,0,deform,1000008,9000072,0,0
bad-deform,90,91,3,47.8,0.1,47.0,0.0,0,deform,1000008,9000072,0,0
bad-deform,90,91,4,47.0,0.0,46.4,0.0,0,deform,1000008,9000072,0,0
bad-deform,90,91,5,46.7,0.0,46.2,0.0,0,deform,1000008,9000072,0,0
bad-projected,90,91,1,58.0,0.0,57.4,0.0,0,projected,0,0,9000072,5000040
bad-projected,90,91,2,73.2,0.1,72.6,0.0,0,projected,0,0,9000072,5000040
bad-projected,90,91,3,63.9,0.1,63.2,0.0,0,projected,0,0,9000072,5000040
bad-projected,90,91,4,58.6,0.0,58.0,0.0,0,projected,0,0,9000072,5000040
bad-projected,90,91,5,60.8,0.0,60.2,0.0,0,projected,0,0,9000072,5000040
fixedlayout-fixed,1,1,1,30.9,0.1,28.9,1.1,83334,fixed,0,0,0,0
fixedlayout-fixed,1,1,2,26.7,0.0,25.2,0.9,83334,fixed,0,0,0,0
fixedlayout-fixed,1,1,3,30.5,0.1,28.4,1.1,83334,fixed,0,0,0,0
fixedlayout-fixed,1,1,4,24.9,0.0,23.4,0.9,83334,fixed,0,0,0,0
fixedlayout-fixed,1,1,5,25.1,0.1,23.4,0.8,83334,fixed,0,0,0,0
fixedlayout-deform,1,1,1,44.2,0.0,42.8,0.9,83334,deform,1000008,9000072,0,0
fixedlayout-deform,1,1,2,47.1,0.1,45.6,0.9,83334,deform,1000008,9000072,0,0
fixedlayout-deform,1,1,3,46.2,0.0,44.7,0.9,83334,deform,1000008,9000072,0,0
fixedlayout-deform,1,1,4,45.6,0.0,44.3,0.8,83334,deform,1000008,9000072,0,0
fixedlayout-deform,1,1,5,41.4,0.0,40.1,0.8,83334,deform,1000008,9000072,0,0
fixedlayout-projected,1,1,1,43.4,0.1,42.1,0.8,83334,projected,0,0,5000040,5000040
fixedlayout-projected,1,1,2,50.9,0.1,48.7,1.0,83334,projected,0,0,5000040,5000040
fixedlayout-projected,1,1,3,50.3,0.1,48.3,0.8,83334,projected,0,0,5000040,5000040
fixedlayout-projected,1,1,4,49.7,0.0,48.2,0.9,83334,projected,0,0,5000040,5000040
fixedlayout-projected,1,1,5,46.1,0.0,44.8,0.8,83334,projected,0,0,5000040,5000040
bad-deform,1,1,1,48.0,0.1,46.7,0.8,83334,deform,1000008,9000072,0,0
bad-deform,1,1,2,48.3,0.0,47.0,0.8,83334,deform,1000008,9000072,0,0
bad-deform,1,1,3,48.3,0.0,46.8,0.9,83334,deform,1000008,9000072,0,0
bad-deform,1,1,4,68.3,0.1,66.2,1.2,83334,deform,1000008,9000072,0,0
bad-deform,1,1,5,60.8,0.1,58.9,1.1,83334,deform,1000008,9000072,0,0
bad-projected,1,1,1,60.7,0.0,59.4,0.9,83334,projected,0,0,9000072,5000040
bad-projected,1,1,2,53.6,0.0,52.3,0.8,83334,projected,0,0,9000072,5000040
bad-projected,1,1,3,61.7,0.0,59.9,1.3,83334,projected,0,0,9000072,5000040
bad-projected,1,1,4,60.9,0.1,58.6,0.9,83334,projected,0,0,9000072,5000040
bad-projected,1,1,5,62.9,0.1,61.2,1.0,83334,projected,0,0,9000072,5000040
fixedlayout-fixed,1,12,1,45.2,0.0,37.9,5.4,1000008,fixed,0,0,0,0
fixedlayout-fixed,1,12,2,58.8,0.0,47.0,9.3,1000008,fixed,0,0,0,0
fixedlayout-fixed,1,12,3,44.7,0.0,37.0,6.0,1000008,fixed,0,0,0,0
fixedlayout-fixed,1,12,4,54.8,0.1,44.0,8.5,1000008,fixed,0,0,0,0
fixedlayout-fixed,1,12,5,48.4,0.0,40.3,6.2,1000008,fixed,0,0,0,0
fixedlayout-deform,1,12,1,77.0,0.0,70.6,5.8,1000008,deform,1000008,9000072,0,0
fixedlayout-deform,1,12,2,75.7,0.0,69.0,6.1,1000008,deform,1000008,9000072,0,0
fixedlayout-deform,1,12,3,77.4,0.0,70.8,6.1,1000008,deform,1000008,9000072,0,0
fixedlayout-deform,1,12,4,77.8,0.1,71.1,6.1,1000008,deform,1000008,9000072,0,0
fixedlayout-deform,1,12,5,74.6,0.0,67.9,6.1,1000008,deform,1000008,9000072,0,0
fixedlayout-projected,1,12,1,62.5,0.0,56.2,5.7,1000008,projected,0,0,5000040,5000040
fixedlayout-projected,1,12,2,64.7,0.0,58.2,5.9,1000008,projected,0,0,5000040,5000040
fixedlayout-projected,1,12,3,67.8,0.0,58.3,8.9,1000008,projected,0,0,5000040,5000040
fixedlayout-projected,1,12,4,65.1,0.0,58.7,5.8,1000008,projected,0,0,5000040,5000040
fixedlayout-projected,1,12,5,69.2,0.0,62.1,6.5,1000008,projected,0,0,5000040,5000040
bad-deform,1,12,1,77.5,0.0,70.9,6.0,1000008,deform,1000008,9000072,0,0
bad-deform,1,12,2,76.5,0.0,70.3,5.7,1000008,deform,1000008,9000072,0,0
bad-deform,1,12,3,76.1,0.0,69.8,5.8,1000008,deform,1000008,9000072,0,0
bad-deform,1,12,4,76.4,0.0,70.1,5.7,1000008,deform,1000008,9000072,0,0
bad-deform,1,12,5,78.5,0.0,71.9,6.1,1000008,deform,1000008,9000072,0,0
bad-projected,1,12,1,70.1,0.0,63.8,5.8,1000008,projected,0,0,9000072,5000040
bad-projected,1,12,2,67.7,0.0,61.7,5.4,1000008,projected,0,0,9000072,5000040
bad-projected,1,12,3,66.5,0.0,60.5,5.5,1000008,projected,0,0,9000072,5000040
bad-projected,1,12,4,64.4,0.0,58.5,5.4,1000008,projected,0,0,9000072,5000040
bad-projected,1,12,5,62.1,0.0,56.6,4.9,1000008,projected,0,0,9000072,5000040
pgcolumnar,1,1,1,11.1,0.2,9.6,0.8,83334,n/a,,,,
pgcolumnar,1,1,2,9.5,0.2,8.1,0.7,83334,n/a,,,,
pgcolumnar,1,1,3,9.4,0.2,8.0,0.7,83334,n/a,,,,
pgcolumnar,1,1,4,12.8,0.4,11.0,0.8,83334,n/a,,,,
pgcolumnar,1,1,5,10.3,0.2,8.8,0.7,83334,n/a,,,,
pgcolumnar,1,12,1,33.9,0.2,27.8,5.4,1000008,n/a,,,,
pgcolumnar,1,12,2,34.5,0.2,28.2,5.6,1000008,n/a,,,,
pgcolumnar,1,12,3,39.1,0.2,32.4,6.1,1000008,n/a,,,,
pgcolumnar,1,12,4,35.8,0.2,29.5,5.7,1000008,n/a,,,,
pgcolumnar,1,12,5,38.0,0.2,31.0,6.2,1000008,n/a,,,,
