ladder,mode,fact,lo,hi,rep,phase,total_ms
A,fixedlayout-fixed,reg2_fixed,1,12,1,cold,47.14
A,fixedlayout-fixed,reg2_fixed,1,12,2,warm,43.54
A,fixedlayout-fixed,reg2_fixed,1,12,3,warm,44.29
A,fixedlayout-fixed,reg2_fixed,1,12,4,warm,48.37
A,fixedlayout-fixed,reg2_fixed,1,12,5,warm,48.34
A,fixedlayout-fixed,reg2_fixed,1,12,6,warm,47.50
A,fixedlayout-fixed,reg2_fixed,1,12,7,warm,45.12
A,fixedlayout-fixed,reg2_fixed,1,12,8,warm,43.94
A,fixedlayout-fixed,reg2_fixed,1,12,9,warm,45.15
A,fixedlayout-fixed,reg2_fixed,1,12,10,warm,44.46
A,fixedlayout-fixed,reg2_fixed,1,12,11,warm,44.79
A,fixedlayout-deform,reg2_fixed,1,12,1,cold,91.17
A,fixedlayout-deform,reg2_fixed,1,12,2,warm,117.03
A,fixedlayout-deform,reg2_fixed,1,12,3,warm,89.86
A,fixedlayout-deform,reg2_fixed,1,12,4,warm,117.97
A,fixedlayout-deform,reg2_fixed,1,12,5,warm,93.03
A,fixedlayout-deform,reg2_fixed,1,12,6,warm,88.98
A,fixedlayout-deform,reg2_fixed,1,12,7,warm,87.90
A,fixedlayout-deform,reg2_fixed,1,12,8,warm,81.05
A,fixedlayout-deform,reg2_fixed,1,12,9,warm,90.08
A,fixedlayout-deform,reg2_fixed,1,12,10,warm,78.18
A,fixedlayout-deform,reg2_fixed,1,12,11,warm,82.23
A,fixedlayout-projected,reg2_fixed,1,12,1,cold,69.70
A,fixedlayout-projected,reg2_fixed,1,12,2,warm,66.93
A,fixedlayout-projected,reg2_fixed,1,12,3,warm,71.82
A,fixedlayout-projected,reg2_fixed,1,12,4,warm,96.49
A,fixedlayout-projected,reg2_fixed,1,12,5,warm,69.28
A,fixedlayout-projected,reg2_fixed,1,12,6,warm,82.78
A,fixedlayout-projected,reg2_fixed,1,12,7,warm,70.08
A,fixedlayout-projected,reg2_fixed,1,12,8,warm,68.93
A,fixedlayout-projected,reg2_fixed,1,12,9,warm,77.63
A,fixedlayout-projected,reg2_fixed,1,12,10,warm,70.08
A,fixedlayout-projected,reg2_fixed,1,12,11,warm,67.64
A,fixedlayout-early,reg2_fixed,1,12,1,cold,76.80
A,fixedlayout-early,reg2_fixed,1,12,2,warm,70.67
A,fixedlayout-early,reg2_fixed,1,12,3,warm,66.46
A,fixedlayout-early,reg2_fixed,1,12,4,warm,70.16
A,fixedlayout-early,reg2_fixed,1,12,5,warm,69.84
A,fixedlayout-early,reg2_fixed,1,12,6,warm,68.71
A,fixedlayout-early,reg2_fixed,1,12,7,warm,68.06
A,fixedlayout-early,reg2_fixed,1,12,8,warm,86.91
A,fixedlayout-early,reg2_fixed,1,12,9,warm,67.20
A,fixedlayout-early,reg2_fixed,1,12,10,warm,67.20
A,fixedlayout-early,reg2_fixed,1,12,11,warm,73.77
A,fixedlayout-fixed,reg2_fixed,1,6,1,cold,40.47
A,fixedlayout-fixed,reg2_fixed,1,6,2,warm,32.17
A,fixedlayout-fixed,reg2_fixed,1,6,3,warm,33.67
A,fixedlayout-fixed,reg2_fixed,1,6,4,warm,32.10
A,fixedlayout-fixed,reg2_fixed,1,6,5,warm,32.06
A,fixedlayout-fixed,reg2_fixed,1,6,6,warm,38.86
A,fixedlayout-fixed,reg2_fixed,1,6,7,warm,38.84
A,fixedlayout-fixed,reg2_fixed,1,6,8,warm,39.37
A,fixedlayout-fixed,reg2_fixed,1,6,9,warm,38.79
A,fixedlayout-fixed,reg2_fixed,1,6,10,warm,38.46
A,fixedlayout-fixed,reg2_fixed,1,6,11,warm,35.59
A,fixedlayout-deform,reg2_fixed,1,6,1,cold,64.82
A,fixedlayout-deform,reg2_fixed,1,6,2,warm,63.18
A,fixedlayout-deform,reg2_fixed,1,6,3,warm,69.25
A,fixedlayout-deform,reg2_fixed,1,6,4,warm,63.40
A,fixedlayout-deform,reg2_fixed,1,6,5,warm,93.48
A,fixedlayout-deform,reg2_fixed,1,6,6,warm,58.33
A,fixedlayout-deform,reg2_fixed,1,6,7,warm,59.31
A,fixedlayout-deform,reg2_fixed,1,6,8,warm,60.49
A,fixedlayout-deform,reg2_fixed,1,6,9,warm,58.13
A,fixedlayout-deform,reg2_fixed,1,6,10,warm,61.19
A,fixedlayout-deform,reg2_fixed,1,6,11,warm,60.53
A,fixedlayout-projected,reg2_fixed,1,6,1,cold,67.83
A,fixedlayout-projected,reg2_fixed,1,6,2,warm,62.40
A,fixedlayout-projected,reg2_fixed,1,6,3,warm,64.42
A,fixedlayout-projected,reg2_fixed,1,6,4,warm,57.25
A,fixedlayout-projected,reg2_fixed,1,6,5,warm,65.48
A,fixedlayout-projected,reg2_fixed,1,6,6,warm,89.11
A,fixedlayout-projected,reg2_fixed,1,6,7,warm,92.45
A,fixedlayout-projected,reg2_fixed,1,6,8,warm,76.71
A,fixedlayout-projected,reg2_fixed,1,6,9,warm,62.21
A,fixedlayout-projected,reg2_fixed,1,6,10,warm,66.82
A,fixedlayout-projected,reg2_fixed,1,6,11,warm,63.21
A,fixedlayout-early,reg2_fixed,1,6,1,cold,60.31
A,fixedlayout-early,reg2_fixed,1,6,2,warm,56.09
A,fixedlayout-early,reg2_fixed,1,6,3,warm,53.98
A,fixedlayout-early,reg2_fixed,1,6,4,warm,61.54
A,fixedlayout-early,reg2_fixed,1,6,5,warm,77.17
A,fixedlayout-early,reg2_fixed,1,6,6,warm,56.31
A,fixedlayout-early,reg2_fixed,1,6,7,warm,53.35
A,fixedlayout-early,reg2_fixed,1,6,8,warm,50.30
A,fixedlayout-early,reg2_fixed,1,6,9,warm,55.47
A,fixedlayout-early,reg2_fixed,1,6,10,warm,53.52
A,fixedlayout-early,reg2_fixed,1,6,11,warm,58.69
A,fixedlayout-fixed,reg2_fixed,1,3,1,cold,26.94
A,fixedlayout-fixed,reg2_fixed,1,3,2,warm,23.26
A,fixedlayout-fixed,reg2_fixed,1,3,3,warm,23.08
A,fixedlayout-fixed,reg2_fixed,1,3,4,warm,22.62
A,fixedlayout-fixed,reg2_fixed,1,3,5,warm,22.96
A,fixedlayout-fixed,reg2_fixed,1,3,6,warm,22.90
A,fixedlayout-fixed,reg2_fixed,1,3,7,warm,22.93
A,fixedlayout-fixed,reg2_fixed,1,3,8,warm,22.85
A,fixedlayout-fixed,reg2_fixed,1,3,9,warm,23.73
A,fixedlayout-fixed,reg2_fixed,1,3,10,warm,24.21
A,fixedlayout-fixed,reg2_fixed,1,3,11,warm,23.33
A,fixedlayout-deform,reg2_fixed,1,3,1,cold,55.69
A,fixedlayout-deform,reg2_fixed,1,3,2,warm,51.35
A,fixedlayout-deform,reg2_fixed,1,3,3,warm,50.92
A,fixedlayout-deform,reg2_fixed,1,3,4,warm,52.57
A,fixedlayout-deform,reg2_fixed,1,3,5,warm,53.95
A,fixedlayout-deform,reg2_fixed,1,3,6,warm,47.62
A,fixedlayout-deform,reg2_fixed,1,3,7,warm,47.76
A,fixedlayout-deform,reg2_fixed,1,3,8,warm,48.43
A,fixedlayout-deform,reg2_fixed,1,3,9,warm,49.63
A,fixedlayout-deform,reg2_fixed,1,3,10,warm,48.95
A,fixedlayout-deform,reg2_fixed,1,3,11,warm,48.14
A,fixedlayout-projected,reg2_fixed,1,3,1,cold,60.59
A,fixedlayout-projected,reg2_fixed,1,3,2,warm,53.21
A,fixedlayout-projected,reg2_fixed,1,3,3,warm,57.60
A,fixedlayout-projected,reg2_fixed,1,3,4,warm,54.64
A,fixedlayout-projected,reg2_fixed,1,3,5,warm,73.39
A,fixedlayout-projected,reg2_fixed,1,3,6,warm,62.04
A,fixedlayout-projected,reg2_fixed,1,3,7,warm,60.65
A,fixedlayout-projected,reg2_fixed,1,3,8,warm,57.74
A,fixedlayout-projected,reg2_fixed,1,3,9,warm,61.14
A,fixedlayout-projected,reg2_fixed,1,3,10,warm,56.78
A,fixedlayout-projected,reg2_fixed,1,3,11,warm,65.92
A,fixedlayout-early,reg2_fixed,1,3,1,cold,51.99
A,fixedlayout-early,reg2_fixed,1,3,2,warm,44.64
A,fixedlayout-early,reg2_fixed,1,3,3,warm,53.57
A,fixedlayout-early,reg2_fixed,1,3,4,warm,44.47
A,fixedlayout-early,reg2_fixed,1,3,5,warm,42.12
A,fixedlayout-early,reg2_fixed,1,3,6,warm,44.03
A,fixedlayout-early,reg2_fixed,1,3,7,warm,47.00
A,fixedlayout-early,reg2_fixed,1,3,8,warm,44.43
A,fixedlayout-early,reg2_fixed,1,3,9,warm,42.66
A,fixedlayout-early,reg2_fixed,1,3,10,warm,40.95
A,fixedlayout-early,reg2_fixed,1,3,11,warm,41.41
A,fixedlayout-fixed,reg2_fixed,1,1,1,cold,29.30
A,fixedlayout-fixed,reg2_fixed,1,1,2,warm,26.03
A,fixedlayout-fixed,reg2_fixed,1,1,3,warm,26.73
A,fixedlayout-fixed,reg2_fixed,1,1,4,warm,19.24
A,fixedlayout-fixed,reg2_fixed,1,1,5,warm,18.96
A,fixedlayout-fixed,reg2_fixed,1,1,6,warm,18.64
A,fixedlayout-fixed,reg2_fixed,1,1,7,warm,18.02
A,fixedlayout-fixed,reg2_fixed,1,1,8,warm,19.98
A,fixedlayout-fixed,reg2_fixed,1,1,9,warm,19.67
A,fixedlayout-fixed,reg2_fixed,1,1,10,warm,19.17
A,fixedlayout-fixed,reg2_fixed,1,1,11,warm,19.09
A,fixedlayout-deform,reg2_fixed,1,1,1,cold,47.05
A,fixedlayout-deform,reg2_fixed,1,1,2,warm,44.17
A,fixedlayout-deform,reg2_fixed,1,1,3,warm,43.49
A,fixedlayout-deform,reg2_fixed,1,1,4,warm,43.81
A,fixedlayout-deform,reg2_fixed,1,1,5,warm,54.12
A,fixedlayout-deform,reg2_fixed,1,1,6,warm,45.31
A,fixedlayout-deform,reg2_fixed,1,1,7,warm,42.77
A,fixedlayout-deform,reg2_fixed,1,1,8,warm,43.13
A,fixedlayout-deform,reg2_fixed,1,1,9,warm,43.04
A,fixedlayout-deform,reg2_fixed,1,1,10,warm,42.03
A,fixedlayout-deform,reg2_fixed,1,1,11,warm,43.04
A,fixedlayout-projected,reg2_fixed,1,1,1,cold,61.01
A,fixedlayout-projected,reg2_fixed,1,1,2,warm,54.26
A,fixedlayout-projected,reg2_fixed,1,1,3,warm,54.98
A,fixedlayout-projected,reg2_fixed,1,1,4,warm,67.43
A,fixedlayout-projected,reg2_fixed,1,1,5,warm,58.29
A,fixedlayout-projected,reg2_fixed,1,1,6,warm,79.36
A,fixedlayout-projected,reg2_fixed,1,1,7,warm,78.71
A,fixedlayout-projected,reg2_fixed,1,1,8,warm,76.30
A,fixedlayout-projected,reg2_fixed,1,1,9,warm,78.78
A,fixedlayout-projected,reg2_fixed,1,1,10,warm,70.56
A,fixedlayout-projected,reg2_fixed,1,1,11,warm,55.59
A,fixedlayout-early,reg2_fixed,1,1,1,cold,59.82
A,fixedlayout-early,reg2_fixed,1,1,2,warm,37.29
A,fixedlayout-early,reg2_fixed,1,1,3,warm,38.48
A,fixedlayout-early,reg2_fixed,1,1,4,warm,43.64
A,fixedlayout-early,reg2_fixed,1,1,5,warm,37.90
A,fixedlayout-early,reg2_fixed,1,1,6,warm,51.15
A,fixedlayout-early,reg2_fixed,1,1,7,warm,54.09
A,fixedlayout-early,reg2_fixed,1,1,8,warm,47.44
A,fixedlayout-early,reg2_fixed,1,1,9,warm,35.38
A,fixedlayout-early,reg2_fixed,1,1,10,warm,35.74
A,fixedlayout-early,reg2_fixed,1,1,11,warm,53.28
B,heap-deform,reg2,1,12,1,cold,93.09
B,heap-deform,reg2,1,12,2,warm,89.79
B,heap-deform,reg2,1,12,3,warm,86.88
B,heap-deform,reg2,1,12,4,warm,84.08
B,heap-deform,reg2,1,12,5,warm,83.24
B,heap-deform,reg2,1,12,6,warm,82.70
B,heap-deform,reg2,1,12,7,warm,126.27
B,heap-deform,reg2,1,12,8,warm,98.43
B,heap-deform,reg2,1,12,9,warm,117.74
B,heap-deform,reg2,1,12,10,warm,127.83
B,heap-deform,reg2,1,12,11,warm,118.07
B,heap-projected,reg2,1,12,1,cold,117.89
B,heap-projected,reg2,1,12,2,warm,100.63
B,heap-projected,reg2,1,12,3,warm,86.53
B,heap-projected,reg2,1,12,4,warm,86.68
B,heap-projected,reg2,1,12,5,warm,89.51
B,heap-projected,reg2,1,12,6,warm,84.25
B,heap-projected,reg2,1,12,7,warm,84.82
B,heap-projected,reg2,1,12,8,warm,84.92
B,heap-projected,reg2,1,12,9,warm,93.86
B,heap-projected,reg2,1,12,10,warm,110.11
B,heap-projected,reg2,1,12,11,warm,91.26
B,heap-early,reg2,1,12,1,cold,89.88
B,heap-early,reg2,1,12,2,warm,118.78
B,heap-early,reg2,1,12,3,warm,114.57
B,heap-early,reg2,1,12,4,warm,118.22
B,heap-early,reg2,1,12,5,warm,109.91
B,heap-early,reg2,1,12,6,warm,90.99
B,heap-early,reg2,1,12,7,warm,104.90
B,heap-early,reg2,1,12,8,warm,87.94
B,heap-early,reg2,1,12,9,warm,86.83
B,heap-early,reg2,1,12,10,warm,91.88
B,heap-early,reg2,1,12,11,warm,99.25
B,pgcolumnar,reg2_col,1,12,1,cold,52.28
B,pgcolumnar,reg2_col,1,12,2,warm,41.36
B,pgcolumnar,reg2_col,1,12,3,warm,40.08
B,pgcolumnar,reg2_col,1,12,4,warm,45.46
B,pgcolumnar,reg2_col,1,12,5,warm,50.78
B,pgcolumnar,reg2_col,1,12,6,warm,43.40
B,pgcolumnar,reg2_col,1,12,7,warm,53.10
B,pgcolumnar,reg2_col,1,12,8,warm,42.83
B,pgcolumnar,reg2_col,1,12,9,warm,43.13
B,pgcolumnar,reg2_col,1,12,10,warm,40.07
B,pgcolumnar,reg2_col,1,12,11,warm,41.32
B,zlfs,reg2,1,12,1,cold,120.86
B,zlfs,reg2,1,12,2,warm,11.63
B,zlfs,reg2,1,12,3,warm,11.24
B,zlfs,reg2,1,12,4,warm,17.01
B,zlfs,reg2,1,12,5,warm,15.19
B,zlfs,reg2,1,12,6,warm,16.64
B,zlfs,reg2,1,12,7,warm,16.10
B,zlfs,reg2,1,12,8,warm,15.91
B,zlfs,reg2,1,12,9,warm,11.29
B,zlfs,reg2,1,12,10,warm,10.93
B,zlfs,reg2,1,12,11,warm,13.66
B,heap-deform,reg2,1,6,1,cold,67.94
B,heap-deform,reg2,1,6,2,warm,65.12
B,heap-deform,reg2,1,6,3,warm,63.24
B,heap-deform,reg2,1,6,4,warm,93.83
B,heap-deform,reg2,1,6,5,warm,63.80
B,heap-deform,reg2,1,6,6,warm,65.64
B,heap-deform,reg2,1,6,7,warm,68.52
B,heap-deform,reg2,1,6,8,warm,69.62
B,heap-deform,reg2,1,6,9,warm,64.73
B,heap-deform,reg2,1,6,10,warm,61.81
B,heap-deform,reg2,1,6,11,warm,62.59
B,heap-projected,reg2,1,6,1,cold,91.91
B,heap-projected,reg2,1,6,2,warm,76.59
B,heap-projected,reg2,1,6,3,warm,107.19
B,heap-projected,reg2,1,6,4,warm,72.31
B,heap-projected,reg2,1,6,5,warm,92.01
B,heap-projected,reg2,1,6,6,warm,86.81
B,heap-projected,reg2,1,6,7,warm,80.54
B,heap-projected,reg2,1,6,8,warm,73.93
B,heap-projected,reg2,1,6,9,warm,73.61
B,heap-projected,reg2,1,6,10,warm,77.31
B,heap-projected,reg2,1,6,11,warm,75.21
B,heap-early,reg2,1,6,1,cold,64.64
B,heap-early,reg2,1,6,2,warm,61.12
B,heap-early,reg2,1,6,3,warm,65.40
B,heap-early,reg2,1,6,4,warm,60.08
B,heap-early,reg2,1,6,5,warm,85.95
B,heap-early,reg2,1,6,6,warm,63.93
B,heap-early,reg2,1,6,7,warm,65.42
B,heap-early,reg2,1,6,8,warm,65.55
B,heap-early,reg2,1,6,9,warm,67.33
B,heap-early,reg2,1,6,10,warm,86.68
B,heap-early,reg2,1,6,11,warm,73.40
B,pgcolumnar,reg2_col,1,6,1,cold,43.96
B,pgcolumnar,reg2_col,1,6,2,warm,29.36
B,pgcolumnar,reg2_col,1,6,3,warm,28.30
B,pgcolumnar,reg2_col,1,6,4,warm,26.80
B,pgcolumnar,reg2_col,1,6,5,warm,25.68
B,pgcolumnar,reg2_col,1,6,6,warm,24.73
B,pgcolumnar,reg2_col,1,6,7,warm,25.13
B,pgcolumnar,reg2_col,1,6,8,warm,24.40
B,pgcolumnar,reg2_col,1,6,9,warm,27.30
B,pgcolumnar,reg2_col,1,6,10,warm,30.05
B,pgcolumnar,reg2_col,1,6,11,warm,26.36
B,zlfs,reg2,1,6,1,cold,117.18
B,zlfs,reg2,1,6,2,warm,5.84
B,zlfs,reg2,1,6,3,warm,9.23
B,zlfs,reg2,1,6,4,warm,7.09
B,zlfs,reg2,1,6,5,warm,7.59
B,zlfs,reg2,1,6,6,warm,8.60
B,zlfs,reg2,1,6,7,warm,7.62
B,zlfs,reg2,1,6,8,warm,6.36
B,zlfs,reg2,1,6,9,warm,5.72
B,zlfs,reg2,1,6,10,warm,5.50
B,zlfs,reg2,1,6,11,warm,5.83
B,heap-deform,reg2,1,3,1,cold,59.46
B,heap-deform,reg2,1,3,2,warm,53.83
B,heap-deform,reg2,1,3,3,warm,54.47
B,heap-deform,reg2,1,3,4,warm,60.68
B,heap-deform,reg2,1,3,5,warm,61.86
B,heap-deform,reg2,1,3,6,warm,58.79
B,heap-deform,reg2,1,3,7,warm,55.32
B,heap-deform,reg2,1,3,8,warm,52.79
B,heap-deform,reg2,1,3,9,warm,65.65
B,heap-deform,reg2,1,3,10,warm,62.79
B,heap-deform,reg2,1,3,11,warm,51.25
B,heap-projected,reg2,1,3,1,cold,97.28
B,heap-projected,reg2,1,3,2,warm,74.21
B,heap-projected,reg2,1,3,3,warm,73.64
B,heap-projected,reg2,1,3,4,warm,72.96
B,heap-projected,reg2,1,3,5,warm,77.24
B,heap-projected,reg2,1,3,6,warm,103.65
B,heap-projected,reg2,1,3,7,warm,106.85
B,heap-projected,reg2,1,3,8,warm,104.51
B,heap-projected,reg2,1,3,9,warm,80.09
B,heap-projected,reg2,1,3,10,warm,88.94
B,heap-projected,reg2,1,3,11,warm,93.02
B,heap-early,reg2,1,3,1,cold,63.56
B,heap-early,reg2,1,3,2,warm,61.94
B,heap-early,reg2,1,3,3,warm,58.88
B,heap-early,reg2,1,3,4,warm,57.09
B,heap-early,reg2,1,3,5,warm,56.00
B,heap-early,reg2,1,3,6,warm,52.31
B,heap-early,reg2,1,3,7,warm,47.62
B,heap-early,reg2,1,3,8,warm,47.22
B,heap-early,reg2,1,3,9,warm,48.08
B,heap-early,reg2,1,3,10,warm,52.66
B,heap-early,reg2,1,3,11,warm,51.83
B,pgcolumnar,reg2_col,1,3,1,cold,25.53
B,pgcolumnar,reg2_col,1,3,2,warm,16.18
B,pgcolumnar,reg2_col,1,3,3,warm,15.61
B,pgcolumnar,reg2_col,1,3,4,warm,15.60
B,pgcolumnar,reg2_col,1,3,5,warm,15.99
B,pgcolumnar,reg2_col,1,3,6,warm,16.06
B,pgcolumnar,reg2_col,1,3,7,warm,15.82
B,pgcolumnar,reg2_col,1,3,8,warm,15.74
B,pgcolumnar,reg2_col,1,3,9,warm,15.75
B,pgcolumnar,reg2_col,1,3,10,warm,15.58
B,pgcolumnar,reg2_col,1,3,11,warm,15.56
B,zlfs,reg2,1,3,1,cold,140.54
B,zlfs,reg2,1,3,2,warm,3.19
B,zlfs,reg2,1,3,3,warm,2.93
B,zlfs,reg2,1,3,4,warm,2.97
B,zlfs,reg2,1,3,5,warm,3.47
B,zlfs,reg2,1,3,6,warm,2.48
B,zlfs,reg2,1,3,7,warm,6.05
B,zlfs,reg2,1,3,8,warm,3.29
B,zlfs,reg2,1,3,9,warm,3.66
B,zlfs,reg2,1,3,10,warm,3.80
B,zlfs,reg2,1,3,11,warm,5.92
B,heap-deform,reg2,1,1,1,cold,53.52
B,heap-deform,reg2,1,1,2,warm,52.48
B,heap-deform,reg2,1,1,3,warm,53.03
B,heap-deform,reg2,1,1,4,warm,62.04
B,heap-deform,reg2,1,1,5,warm,68.77
B,heap-deform,reg2,1,1,6,warm,48.94
B,heap-deform,reg2,1,1,7,warm,51.65
B,heap-deform,reg2,1,1,8,warm,51.26
B,heap-deform,reg2,1,1,9,warm,54.31
B,heap-deform,reg2,1,1,10,warm,49.61
B,heap-deform,reg2,1,1,11,warm,49.88
B,heap-projected,reg2,1,1,1,cold,77.59
B,heap-projected,reg2,1,1,2,warm,72.47
B,heap-projected,reg2,1,1,3,warm,103.58
B,heap-projected,reg2,1,1,4,warm,76.54
B,heap-projected,reg2,1,1,5,warm,71.68
B,heap-projected,reg2,1,1,6,warm,70.54
B,heap-projected,reg2,1,1,7,warm,72.27
B,heap-projected,reg2,1,1,8,warm,69.93
B,heap-projected,reg2,1,1,9,warm,73.23
B,heap-projected,reg2,1,1,10,warm,71.89
B,heap-projected,reg2,1,1,11,warm,86.76
B,heap-early,reg2,1,1,1,cold,48.21
B,heap-early,reg2,1,1,2,warm,49.73
B,heap-early,reg2,1,1,3,warm,41.75
B,heap-early,reg2,1,1,4,warm,39.18
B,heap-early,reg2,1,1,5,warm,36.58
B,heap-early,reg2,1,1,6,warm,35.82
B,heap-early,reg2,1,1,7,warm,43.60
B,heap-early,reg2,1,1,8,warm,44.60
B,heap-early,reg2,1,1,9,warm,38.66
B,heap-early,reg2,1,1,10,warm,37.36
B,heap-early,reg2,1,1,11,warm,37.50
B,pgcolumnar,reg2_col,1,1,1,cold,10.96
B,pgcolumnar,reg2_col,1,1,2,warm,8.60
B,pgcolumnar,reg2_col,1,1,3,warm,7.79
B,pgcolumnar,reg2_col,1,1,4,warm,7.65
B,pgcolumnar,reg2_col,1,1,5,warm,7.75
B,pgcolumnar,reg2_col,1,1,6,warm,8.54
B,pgcolumnar,reg2_col,1,1,7,warm,8.55
B,pgcolumnar,reg2_col,1,1,8,warm,8.36
B,pgcolumnar,reg2_col,1,1,9,warm,8.70
B,pgcolumnar,reg2_col,1,1,10,warm,7.94
B,pgcolumnar,reg2_col,1,1,11,warm,7.95
B,zlfs,reg2,1,1,1,cold,106.00
B,zlfs,reg2,1,1,2,warm,1.33
B,zlfs,reg2,1,1,3,warm,1.26
B,zlfs,reg2,1,1,4,warm,1.23
B,zlfs,reg2,1,1,5,warm,1.25
B,zlfs,reg2,1,1,6,warm,1.19
B,zlfs,reg2,1,1,7,warm,1.22
B,zlfs,reg2,1,1,8,warm,1.26
B,zlfs,reg2,1,1,9,warm,1.17
B,zlfs,reg2,1,1,10,warm,1.49
B,zlfs,reg2,1,1,11,warm,1.26
C,heap-deform,reg2,1,12,1,cold,88.84
C,heap-deform,reg2,1,12,2,warm,84.48
C,heap-deform,reg2,1,12,3,warm,81.39
C,heap-deform,reg2,1,12,4,warm,84.89
C,heap-deform,reg2,1,12,5,warm,79.88
C,heap-deform,reg2,1,12,6,warm,79.69
C,heap-deform,reg2,1,12,7,warm,87.77
C,heap-deform,reg2,1,12,8,warm,104.41
C,heap-deform,reg2,1,12,9,warm,83.28
C,heap-deform,reg2,1,12,10,warm,81.66
C,heap-deform,reg2,1,12,11,warm,80.90
C,card,reg2_card,1,12,1,cold,63.12
C,card,reg2_card,1,12,2,warm,50.86
C,card,reg2_card,1,12,3,warm,41.69
C,card,reg2_card,1,12,4,warm,38.51
C,card,reg2_card,1,12,5,warm,38.18
C,card,reg2_card,1,12,6,warm,38.06
C,card,reg2_card,1,12,7,warm,50.09
C,card,reg2_card,1,12,8,warm,54.84
C,card,reg2_card,1,12,9,warm,37.24
C,card,reg2_card,1,12,10,warm,37.93
C,card,reg2_card,1,12,11,warm,38.52
C,card2,reg2_card2,1,12,1,cold,72.84
C,card2,reg2_card2,1,12,2,warm,63.47
C,card2,reg2_card2,1,12,3,warm,86.34
C,card2,reg2_card2,1,12,4,warm,68.72
C,card2,reg2_card2,1,12,5,warm,70.17
C,card2,reg2_card2,1,12,6,warm,81.57
C,card2,reg2_card2,1,12,7,warm,70.64
C,card2,reg2_card2,1,12,8,warm,79.76
C,card2,reg2_card2,1,12,9,warm,78.24
C,card2,reg2_card2,1,12,10,warm,79.60
C,card2,reg2_card2,1,12,11,warm,87.99
C,dimgrow,reg2_dim,1,12,1,cold,83.14
C,dimgrow,reg2_dim,1,12,2,warm,49.67
C,dimgrow,reg2_dim,1,12,3,warm,48.74
C,dimgrow,reg2_dim,1,12,4,warm,49.00
C,dimgrow,reg2_dim,1,12,5,warm,53.07
C,dimgrow,reg2_dim,1,12,6,warm,47.84
C,dimgrow,reg2_dim,1,12,7,warm,45.77
C,dimgrow,reg2_dim,1,12,8,warm,44.43
C,dimgrow,reg2_dim,1,12,9,warm,57.34
C,dimgrow,reg2_dim,1,12,10,warm,55.07
C,dimgrow,reg2_dim,1,12,11,warm,41.85
C,card-zlfs,reg2_card,1,12,1,cold,121.11
C,card-zlfs,reg2_card,1,12,2,warm,16.09
C,card-zlfs,reg2_card,1,12,3,warm,16.11
C,card-zlfs,reg2_card,1,12,4,warm,17.65
C,card-zlfs,reg2_card,1,12,5,warm,15.13
C,card-zlfs,reg2_card,1,12,6,warm,15.09
C,card-zlfs,reg2_card,1,12,7,warm,19.75
C,card-zlfs,reg2_card,1,12,8,warm,15.34
C,card-zlfs,reg2_card,1,12,9,warm,15.24
C,card-zlfs,reg2_card,1,12,10,warm,16.23
C,card-zlfs,reg2_card,1,12,11,warm,15.34
C,card2-zlfs,reg2_card2,1,12,1,cold,225.17
C,card2-zlfs,reg2_card2,1,12,2,warm,43.73
C,card2-zlfs,reg2_card2,1,12,3,warm,58.19
C,card2-zlfs,reg2_card2,1,12,4,warm,48.76
C,card2-zlfs,reg2_card2,1,12,5,warm,49.35
C,card2-zlfs,reg2_card2,1,12,6,warm,55.16
C,card2-zlfs,reg2_card2,1,12,7,warm,51.95
C,card2-zlfs,reg2_card2,1,12,8,warm,55.61
C,card2-zlfs,reg2_card2,1,12,9,warm,54.79
C,card2-zlfs,reg2_card2,1,12,10,warm,46.44
C,card2-zlfs,reg2_card2,1,12,11,warm,44.24
