path,period_lo,period_hi,runs,median_ms,min_ms,max_ms,open_ms,source_ms,join1_ms,join2_ms,agg_ms,operators_ms,rows_emitted,rowgroups_read,rows_in_read_groups,rows_emitted_src
xpb_heap,1,1,5,57.7,53.7,75.7,0.0,56.4,0.3,0.3,0.4,1.1,83334,,,
xpb_pgcolumnar,1,1,5,14.4,10.3,17.6,0.3,12.3,0.4,0.4,0.3,1.3,83334,1,150000,83334
xpb_zlfs,1,1,5,20.1,19.4,23.1,18.8,0.0,0.4,0.4,0.3,1.1,83334,,,
xpb_heap,1,3,5,69.1,66.2,73.6,0.0,66.0,0.7,0.7,0.9,2.3,250002,,,
xpb_pgcolumnar,1,3,5,20.0,17.9,33.8,0.2,17.0,0.8,0.8,0.8,2.3,250002,2,300000,250002
xpb_zlfs,1,3,5,24.2,24.0,27.6,21.6,0.0,0.7,0.7,0.7,2.2,250002,,,
xpb_heap,1,6,5,77.1,73.0,83.1,0.0,71.6,1.4,1.5,1.5,4.4,500004,,,
xpb_pgcolumnar,1,6,5,27.5,26.3,30.0,0.3,22.8,1.2,1.3,1.5,4.0,500004,4,600000,500004
xpb_zlfs,1,6,5,35.7,34.4,38.6,30.8,0.0,1.4,1.4,1.5,4.2,500004,,,
xpb_heap,1,12,5,88.3,82.4,101.6,0.0,79.5,2.6,2.6,2.9,8.2,1000008,,,
xpb_pgcolumnar,1,12,5,46.9,41.2,70.4,0.3,38.4,2.4,2.4,3.0,7.8,1000008,7,1000008,1000008
xpb_zlfs,1,12,5,44.9,39.5,48.5,34.6,0.0,2.8,2.8,3.3,9.0,1000008,,,
vanilla_single_heap,1,1,5,84.9,79.5,108.6,,,,,,,,,,
vanilla_parallel_heap,1,1,5,51.9,51.4,54.8,,,,,,,,,,
vanilla_single_col,1,1,5,39.7,36.6,64.3,,,,,,,,,,
vanilla_parallel_col,1,1,5,39.8,36.8,42.2,,,,,,,,,,
vanilla_single_heap,1,3,5,131.7,126.2,150.1,,,,,,,,,,
vanilla_parallel_heap,1,3,5,74.8,72.0,77.9,,,,,,,,,,
vanilla_single_col,1,3,5,109.3,104.6,111.4,,,,,,,,,,
vanilla_parallel_col,1,3,5,64.7,63.9,75.2,,,,,,,,,,
vanilla_single_heap,1,6,5,196.2,188.6,212.5,,,,,,,,,,
vanilla_parallel_heap,1,6,5,120.6,108.4,129.6,,,,,,,,,,
vanilla_single_col,1,6,5,217.0,202.2,237.1,,,,,,,,,,
vanilla_parallel_col,1,6,5,123.8,115.0,146.7,,,,,,,,,,
vanilla_single_heap,1,12,5,339.4,318.9,410.5,,,,,,,,,,
vanilla_parallel_heap,1,12,5,181.2,173.0,199.4,,,,,,,,,,
vanilla_single_col,1,12,5,409.1,402.4,436.4,,,,,,,,,,
vanilla_parallel_col,1,12,5,219.2,207.4,238.7,,,,,,,,,,
