fact_table,arm,k,groups,rows_per_group,passes,runs,status,source_median_ms,join1_median_ms,join2_median_ms,aggregate_median_ms,aggregate_min_ms,aggregate_max_ms,rehash_median_ms,agg_minus_rehash_median_ms,operators_median_ms,open_median_ms,total_median_ms,initial_capacity,final_capacity,grow_at,occupied,load_factor,bytes_current,bytes_peak,cxt_bytes,bytes_per_group,inserts,hits,probes,probes_per_lookup,max_probe,growth_events,rehash_events,rehash_groups_total,rehash_probes
card,card-zlfs,2,256,3840,5,25,OK,0.0,2.0,3.3,4.6,4.1,6.9,0.00,4.57,9.9,89.7,100.1,16384,16384,8192,256,0.0156,524288,524288,532528,2048.0,256,982784,998400,1.0156,2,0,0,0,0
card,card-zlfs,16,2048,480,5,25,OK,0.0,2.0,3.3,5.6,4.6,7.8,0.00,5.57,10.8,90.1,101.7,16384,16384,8192,2048,0.1250,524288,524288,532528,256.0,2048,980992,1057920,1.0762,4,0,0,0,0
card,card-zlfs,48,6144,160,5,25,OK,0.0,2.0,3.3,6.9,6.1,14.6,0.00,6.94,12.3,90.8,103.6,16384,16384,8192,6144,0.3750,524288,524288,532528,85.3,6144,976896,1263680,1.2855,12,0,0,0,0
card,card-zlfs,64,8192,120,5,25,OK,0.0,2.0,3.3,9.6,9.0,17.7,0.00,9.64,14.9,91.3,107.9,16384,16384,8192,8192,0.5000,524288,524288,532528,64.0,8192,974848,1514280,1.5404,37,0,0,0,0
card,card-zlfs,80,10240,96,5,25,OK,0.0,2.0,3.3,8.9,8.1,14.5,0.67,8.24,14.1,87.7,102.3,16384,32768,16384,10240,0.3125,1048576,1572864,1056816,102.4,10240,972800,1179224,1.1996,37,1,1,8192,9375
card,card-zlfs,96,12288,80,5,25,OK,0.0,2.0,3.5,10.4,8.9,17.9,0.70,9.56,15.8,93.2,109.8,16384,32768,16384,12288,0.3750,1048576,1572864,1056816,85.3,12288,970752,1253004,1.2746,37,1,1,8192,9375
card,card-zlfs,192,24576,40,5,25,OK,0.0,2.0,3.4,16.6,15.5,27.0,1.92,14.68,22.2,88.8,111.3,16384,65536,32768,24576,0.3750,2097152,3145728,2105392,85.3,24576,958464,1260644,1.2824,37,2,2,24576,28342
card,card-zlfs,384,49152,20,5,25,OK,0.0,1.9,3.3,22.3,20.1,28.4,4.36,18.03,27.8,89.2,119.0,16384,131072,65536,49152,0.3750,4194304,6291456,4202544,85.3,49152,933888,1290091,1.3123,37,3,3,57344,66418
card,card,2,256,3840,5,25,OK,40.9,1.3,2.2,4.8,4.4,7.5,0.00,4.84,8.4,0.0,50.9,16384,16384,8192,256,0.0156,524288,524288,532528,2048.0,256,982784,998400,1.0156,2,0,0,0,0
card,card,16,2048,480,5,25,OK,40.3,1.3,2.3,5.9,5.6,7.4,0.00,5.90,9.4,0.0,51.9,16384,16384,8192,2048,0.1250,524288,524288,532528,256.0,2048,980992,1057920,1.0762,4,0,0,0,0
card,card,48,6144,160,5,25,OK,40.2,1.3,2.2,7.6,7.1,15.2,0.00,7.60,11.1,0.0,53.7,16384,16384,8192,6144,0.3750,524288,524288,532528,85.3,6144,976896,1263680,1.2855,12,0,0,0,0
card,card,64,8192,120,5,25,OK,40.3,1.3,2.2,10.6,9.9,15.9,0.00,10.56,14.0,0.0,56.4,16384,16384,8192,8192,0.5000,524288,524288,532528,64.0,8192,974848,1514280,1.5404,37,0,0,0,0
card,card,80,10240,96,5,25,OK,40.7,1.3,2.3,9.8,8.6,15.2,0.67,9.12,13.3,0.0,55.9,16384,32768,16384,10240,0.3125,1048576,1572864,1056816,102.4,10240,972800,1179224,1.1996,37,1,1,8192,9375
card,card,96,12288,80,5,25,OK,40.1,1.3,2.3,10.7,10.0,17.5,0.67,9.99,14.2,0.0,56.1,16384,32768,16384,12288,0.3750,1048576,1572864,1056816,85.3,12288,970752,1253004,1.2746,37,1,1,8192,9375
card,card,192,24576,40,5,25,OK,39.9,1.3,2.2,16.2,14.4,24.5,1.94,14.33,19.7,0.0,61.6,16384,65536,32768,24576,0.3750,2097152,3145728,2105392,85.3,24576,958464,1260644,1.2824,37,2,2,24576,28342
card,card,384,49152,20,5,25,OK,32.6,1.2,2.2,21.4,18.9,28.9,4.60,16.71,25.0,0.0,58.4,16384,131072,65536,49152,0.3750,4194304,6291456,4202544,85.3,49152,933888,1290091,1.3123,37,3,3,57344,66418
card2,card2-zlfs,128,24576,42,5,25,OK,0.0,2.0,3.6,17.8,16.2,27.7,1.89,15.98,23.5,90.1,114.1,16384,65536,32768,24576,0.3750,2097152,3145728,2105392,85.3,24576,1007616,1350060,1.3080,32,2,2,24576,28882
card2,card2-zlfs,256,49152,21,5,25,OK,0.0,2.0,3.6,23.7,21.5,33.7,4.35,19.42,29.5,89.1,120.3,16384,131072,65536,49152,0.3750,4194304,6291456,4202544,85.3,49152,983040,1358826,1.3164,32,3,3,57344,66976
card2,card2-zlfs,512,98304,10,5,25,OK,0.0,2.0,3.6,31.3,27.8,45.5,9.52,21.72,37.0,89.8,128.8,16384,262144,131072,98304,0.3750,8388608,12582912,8396848,85.3,98304,933888,1319955,1.2788,32,4,4,122880,143485
card2,card2-zlfs,768,147456,7,5,25,OK,0.0,2.0,3.6,43.5,40.8,82.5,19.48,23.55,49.1,87.8,137.7,16384,524288,262144,147456,0.2812,16777216,25165824,16785456,113.8,147456,884736,1325498,1.2842,32,5,5,253952,297712
card2,card2,128,24576,42,5,25,OK,41.0,1.4,2.4,17.1,15.5,26.4,1.94,15.02,20.8,0.0,63.8,16384,65536,32768,24576,0.3750,2097152,3145728,2105392,85.3,24576,1007616,1350060,1.3080,32,2,2,24576,28882
card2,card2,256,49152,21,5,25,OK,33.0,1.3,2.4,22.9,19.7,33.6,4.51,17.74,26.5,0.0,60.8,16384,131072,65536,49152,0.3750,4194304,6291456,4202544,85.3,49152,983040,1358826,1.3164,32,3,3,57344,66976
card2,card2,512,98304,10,5,25,OK,33.0,1.3,2.4,29.5,26.4,36.1,9.53,19.73,33.2,0.0,66.9,16384,262144,131072,98304,0.3750,8388608,12582912,8396848,85.3,98304,933888,1319955,1.2788,32,4,4,122880,143485
card2,card2,768,147456,7,5,25,OK,33.6,1.3,2.4,42.5,38.1,56.6,19.68,22.67,46.2,0.0,80.6,16384,524288,262144,147456,0.2812,16777216,25165824,16785456,113.8,147456,884736,1325498,1.2842,32,5,5,253952,297712
postgres,card,,8192,120,5,25,OK,,,,,,,,,,,286.0,,,,,,,,,,,,,,,,,,
postgres,card,,49152,20,5,25,OK,,,,,,,,,,,319.3,,,,,,,,,,,,,,,,,,
postgres,card2,,98304,10,5,25,OK,,,,,,,,,,,601.5,,,,,,,,,,,,,,,,,,
