arm,period_range,runs,total_median_ms,total_min_ms,total_max_ms,source_median_ms,operators_median_ms,rows_selected,heap_path,tuples_deformed,attrs_deformed,attrs_requested
bad-deform,90..91,5,49.5,48.6,56.6,49.0,0.0,0,deform,1000008,9000072,5
fixedlayout-deform,90..91,5,47.7,45.6,51.0,47.2,0.0,0,deform,1000008,9000072,5
fixedlayout-fixed,90..91,5,19.0,18.0,20.4,18.6,0.0,0,fixed,0,0,5
bad-deform,1..1,5,54.4,53.1,55.0,53.0,0.9,83334,deform,1000008,9000072,5
fixedlayout-deform,1..1,5,49.4,48.2,60.5,47.9,0.9,83334,deform,1000008,9000072,5
fixedlayout-fixed,1..1,5,22.3,22.1,23.9,20.9,0.8,83334,fixed,0,0,5
pgcolumnar,1..1,5,10.0,9.9,15.9,8.4,0.8,83334,n/a,,,
bad-deform,1..12,5,81.8,78.2,83.3,74.0,7.4,1000008,deform,1000008,9000072,5
fixedlayout-deform,1..12,5,77.6,74.0,79.6,69.5,7.5,1000008,deform,1000008,9000072,5
fixedlayout-fixed,1..12,5,42.2,39.3,43.9,32.1,7.5,1000008,fixed,0,0,5
pgcolumnar,1..12,5,44.1,42.0,76.1,36.0,7.3,1000008,n/a,,,
