arm,period_range,runs,total_median_ms,total_min_ms,total_max_ms,source_median_ms,operators_median_ms,rows_selected,heap_path,tuples_deformed,attrs_deformed,attrs_walked,attrs_materialized
fixedlayout-fixed,90..91,5,23.4,22.2,33.2,22.8,0.0,0,fixed,0,0,0,0
fixedlayout-deform,90..91,5,41.2,40.6,43.0,40.6,0.0,0,deform,1000008,9000072,0,0
fixedlayout-projected,90..91,5,46.2,45.1,48.8,45.5,0.0,0,projected,0,0,5000040,5000040
bad-deform,90..91,5,46.4,45.8,66.2,45.9,0.0,0,deform,1000008,9000072,0,0
bad-projected,90..91,5,57.9,47.5,59.3,57.4,0.0,0,projected,0,0,9000072,5000040
fixedlayout-fixed,1..1,5,28.4,24.8,29.5,26.7,0.9,83334,fixed,0,0,0,0
fixedlayout-deform,1..1,5,45.0,44.2,62.1,43.5,0.8,83334,deform,1000008,9000072,0,0
fixedlayout-projected,1..1,5,49.4,43.5,50.3,48.1,0.8,83334,projected,0,0,5000040,5000040
bad-deform,1..1,5,49.2,47.2,51.1,47.9,0.8,83334,deform,1000008,9000072,0,0
bad-projected,1..1,5,60.1,57.6,61.6,58.6,0.8,83334,projected,0,0,9000072,5000040
pgcolumnar,1..1,5,9.3,8.8,9.7,7.7,0.7,83334,n/a,,,,
fixedlayout-fixed,1..12,5,42.9,41.7,45.6,35.7,5.6,1000008,fixed,0,0,0,0
fixedlayout-deform,1..12,5,72.4,64.5,76.6,66.2,5.5,1000008,deform,1000008,9000072,0,0
fixedlayout-projected,1..12,5,62.4,61.1,94.8,56.0,5.8,1000008,projected,0,0,5000040,5000040
bad-deform,1..12,5,77.3,74.9,84.4,70.9,5.8,1000008,deform,1000008,9000072,0,0
bad-projected,1..12,5,71.4,69.9,77.4,65.0,5.8,1000008,projected,0,0,9000072,5000040
pgcolumnar,1..12,5,36.7,34.2,37.7,30.3,5.8,1000008,n/a,,,,
