arm,period_range,passes,runs,total_median_ms,total_min_ms,total_max_ms,source_median_ms,source_min_ms,source_max_ms,operators_median_ms,rows_selected,heap_path,tuples_scanned,tuples_deformed,attrs_deformed,attrs_walked,attrs_materialized,tuples_accepted,tuples_rejected_early,walked_accepted,walked_rejected,mat_accepted,mat_rejected
fixedlayout-fixed,90..91,5,25,22.0,19.6,28.1,21.4,19.1,27.5,0.0,0,fixed,0,0,0,0,0,0,0,0,0,0,0
fixedlayout-deform,90..91,5,25,43.9,40.4,54.3,43.2,40.0,53.7,0.0,0,deform,0,1000008,9000072,0,0,0,0,0,0,0,0
fixedlayout-projected,90..91,5,25,54.3,48.2,68.4,53.4,47.8,67.8,0.0,0,projected,1000008,0,0,5000040,5000040,0,0,0,5000040,0,5000040
fixedlayout-early,90..91,5,25,38.3,34.5,56.4,37.8,34.0,55.8,0.0,0,projected-early,1000008,0,0,1000008,1000008,0,1000008,0,1000008,0,1000008
bad-deform,90..91,5,25,49.9,45.2,59.8,49.3,44.8,59.3,0.0,0,deform,0,1000008,9000072,0,0,0,0,0,0,0,0
bad-projected,90..91,5,25,67.2,61.4,87.6,66.6,61.0,87.2,0.0,0,projected,1000008,0,0,9000072,5000040,0,0,0,9000072,0,5000040
bad-early,90..91,5,25,38.0,35.0,48.5,37.6,34.6,47.9,0.0,0,projected-early,1000008,0,0,1000008,1000008,0,1000008,0,1000008,0,1000008
fixedlayout-fixed,1..1,5,25,23.8,19.6,28.4,22.1,18.3,26.2,0.9,83334,fixed,0,0,0,0,0,0,0,0,0,0,0
fixedlayout-deform,1..1,5,25,44.9,41.1,101.4,43.6,39.8,98.6,1.0,83334,deform,0,1000008,9000072,0,0,0,0,0,0,0,0
fixedlayout-projected,1..1,5,25,53.2,49.2,77.8,51.7,48.1,75.9,0.9,83334,projected,1000008,0,0,5000040,5000040,83334,0,416670,4583370,416670,4583370
fixedlayout-early,1..1,5,25,38.8,34.6,48.9,37.5,33.4,47.7,0.9,83334,projected-early,1000008,0,0,1333344,1333344,83334,916674,416670,916674,416670,916674
bad-deform,1..1,5,25,52.1,47.5,113.2,50.8,46.2,110.5,0.9,83334,deform,0,1000008,9000072,0,0,0,0,0,0,0,0
bad-projected,1..1,5,25,70.6,67.0,140.2,69.2,65.4,136.1,0.9,83334,projected,1000008,0,0,9000072,5000040,83334,0,750006,8250066,416670,4583370
bad-early,1..1,5,25,40.9,37.5,50.8,39.5,36.3,49.3,1.0,83334,projected-early,1000008,0,0,1666680,1333344,83334,916674,750006,916674,416670,916674
pgcolumnar,1..1,5,25,9.9,8.2,14.7,8.3,6.9,12.6,0.9,83334,n/a,,,,,,,,,,,
fixedlayout-fixed,1..12,5,25,45.2,39.0,73.6,35.6,31.0,60.8,7.7,1000008,fixed,0,0,0,0,0,0,0,0,0,0,0
fixedlayout-deform,1..12,5,25,78.6,68.9,200.2,70.7,61.9,132.6,7.6,1000008,deform,0,1000008,9000072,0,0,0,0,0,0,0,0
fixedlayout-projected,1..12,5,25,68.2,60.4,101.7,61.0,53.1,93.8,7.4,1000008,projected,1000008,0,0,5000040,5000040,1000008,0,5000040,0,5000040,0
fixedlayout-early,1..12,5,25,68.5,60.3,90.1,60.6,53.1,81.0,7.5,1000008,projected-early,1000008,0,0,5000040,5000040,1000008,0,5000040,0,5000040,0
bad-deform,1..12,5,25,83.8,76.3,120.1,75.9,68.7,109.0,7.4,1000008,deform,0,1000008,9000072,0,0,0,0,0,0,0,0
bad-projected,1..12,5,25,82.2,75.4,99.0,74.1,68.3,90.2,7.4,1000008,projected,1000008,0,0,9000072,5000040,1000008,0,9000072,0,5000040,0
bad-early,1..12,5,25,83.3,74.6,101.3,74.6,67.6,91.9,7.6,1000008,projected-early,1000008,0,0,9000072,5000040,1000008,0,9000072,0,5000040,0
pgcolumnar,1..12,5,25,40.6,36.6,59.0,32.4,29.3,45.0,7.4,1000008,n/a,,,,,,,,,,,
