arm,k,groups,rows_per_group,passes,runs,status,source_median_ms,join1_median_ms,join2_median_ms,aggregate_median_ms,aggregate_min_ms,aggregate_max_ms,operators_median_ms,open_median_ms,total_median_ms,hash_capacity,hash_load_limit,hash_occupied,load_factor,agg_bytes,entry_bytes,inserts,hits,probes,probes_per_lookup,max_probe,growths,rehashes,agg_ns_per_input_row,agg_ns_per_group,bytes_per_group
card-zlfs,2,256,3840,5,25,OK,0.0,2.5,2.8,3.8,3.5,6.8,9.1,75.4,86.8,16384,12288,256,0.0156,524288,32,256,982784,998400,1.0156,2,0,0,3.9,14843.8,2048.0
card-zlfs,8,1024,960,5,25,OK,0.0,2.4,2.8,4.4,4.0,8.1,9.6,71.7,81.8,16384,12288,1024,0.0625,524288,32,1024,982016,1016640,1.0342,4,0,0,4.5,4296.9,512.0
card-zlfs,16,2048,480,5,25,OK,0.0,2.5,2.9,4.5,4.0,9.5,10.0,75.6,86.6,16384,12288,2048,0.1250,524288,32,2048,980992,1057920,1.0762,4,0,0,4.6,2197.3,256.0
card-zlfs,32,4096,240,5,25,OK,0.0,2.4,2.8,4.4,4.2,7.4,9.6,72.1,82.2,16384,12288,4096,0.2500,524288,32,4096,978944,1129680,1.1492,5,0,0,4.5,1074.2,128.0
card-zlfs,48,6144,160,5,25,OK,0.0,2.5,2.9,4.9,4.5,10.6,10.3,71.1,81.7,16384,12288,6144,0.3750,524288,32,6144,976896,1263680,1.2855,12,0,0,5.0,797.5,85.3
card-zlfs,64,8192,120,5,25,OK,0.0,2.6,2.9,9.1,8.4,14.0,14.6,73.6,89.9,16384,12288,8192,0.5000,524288,32,8192,974848,1514280,1.5404,37,0,0,9.3,1110.8,64.0
card-zlfs,80,10240,96,5,25,OK,0.0,2.4,2.9,14.0,13.6,15.2,19.3,71.4,91.4,16384,12288,10240,0.6250,524288,32,10240,972800,1876140,1.9085,63,0,0,14.2,1367.2,51.2
card-zlfs,88,11264,87,5,25,OK,0.0,2.5,2.9,16.6,15.8,24.3,22.0,71.8,96.2,16384,12288,11264,0.6875,524288,32,11264,971776,2163580,2.2009,84,0,0,16.9,1473.7,46.5
card-zlfs,92,11776,83,5,25,OK,0.0,2.4,2.8,17.4,16.7,28.0,22.8,71.5,96.4,16384,12288,11776,0.7188,524288,32,11776,971264,2356000,2.3966,84,0,0,17.7,1477.6,44.5
card-zlfs,96,12288,80,5,25,OK,0.0,2.4,2.9,19.3,18.7,26.1,24.7,70.9,96.7,16384,12288,12288,0.7500,524288,32,12288,970752,2660960,2.7069,91,0,0,19.6,1570.6,42.7
card-zlfs,97,12416,,5,25,ERROR,,,,,,,,,,,,,,,,,,,,,,,,,
card-zlfs,128,16384,,5,25,ERROR,,,,,,,,,,,,,,,,,,,,,,,,,
card-zlfs,192,24576,,5,25,ERROR,,,,,,,,,,,,,,,,,,,,,,,,,
card-zlfs,384,49152,,5,25,ERROR,,,,,,,,,,,,,,,,,,,,,,,,,
card,2,256,3840,5,25,OK,39.5,2.8,2.8,3.4,3.2,6.4,9.0,0.0,50.4,16384,12288,256,0.0156,524288,32,256,982784,998400,1.0156,2,0,0,3.5,13281.2,2048.0
card,8,1024,960,5,25,OK,39.2,2.8,2.7,4.2,3.8,6.3,9.6,0.0,51.1,16384,12288,1024,0.0625,524288,32,1024,982016,1016640,1.0342,4,0,0,4.3,4101.6,512.0
card,16,2048,480,5,25,OK,41.0,2.8,2.8,4.6,4.0,6.9,10.2,0.0,52.9,16384,12288,2048,0.1250,524288,32,2048,980992,1057920,1.0762,4,0,0,4.7,2246.1,256.0
card,32,4096,240,5,25,OK,39.5,2.8,2.6,4.5,4.1,6.8,10.0,0.0,51.7,16384,12288,4096,0.2500,524288,32,4096,978944,1129680,1.1492,5,0,0,4.6,1098.6,128.0
card,48,6144,160,5,25,OK,40.0,2.8,2.7,5.1,4.5,9.4,10.6,0.0,52.3,16384,12288,6144,0.3750,524288,32,6144,976896,1263680,1.2855,12,0,0,5.2,830.1,85.3
card,64,8192,120,5,25,OK,39.8,2.8,2.7,9.4,8.7,15.2,14.9,0.0,57.0,16384,12288,8192,0.5000,524288,32,8192,974848,1514280,1.5404,37,0,0,9.6,1147.5,64.0
card,80,10240,96,5,25,OK,39.4,2.8,2.7,14.0,13.4,15.9,19.4,0.0,60.8,16384,12288,10240,0.6250,524288,32,10240,972800,1876140,1.9085,63,0,0,14.2,1367.2,51.2
card,88,11264,87,5,25,OK,39.5,2.8,2.7,16.5,15.6,21.5,22.2,0.0,63.3,16384,12288,11264,0.6875,524288,32,11264,971776,2163580,2.2009,84,0,0,16.8,1464.8,46.5
card,92,11776,83,5,25,OK,39.1,2.7,2.7,17.6,17.1,20.7,23.1,0.0,63.7,16384,12288,11776,0.7188,524288,32,11776,971264,2356000,2.3966,84,0,0,17.9,1494.6,44.5
card,96,12288,80,5,25,OK,39.3,2.7,2.6,19.6,19.0,24.6,25.0,0.0,66.5,16384,12288,12288,0.7500,524288,32,12288,970752,2660960,2.7069,91,0,0,19.9,1595.1,42.7
card,97,12416,,5,25,ERROR,,,,,,,,,,,,,,,,,,,,,,,,,
card,128,16384,,5,25,ERROR,,,,,,,,,,,,,,,,,,,,,,,,,
card,192,24576,,5,25,ERROR,,,,,,,,,,,,,,,,,,,,,,,,,
card,384,49152,,5,25,ERROR,,,,,,,,,,,,,,,,,,,,,,,,,
postgres,,256,3840,5,25,OK,,,,,,,,,286.8,,,,,,,,,,,,,,,,
postgres,,8192,120,5,25,OK,,,,,,,,,288.2,,,,,,,,,,,,,,,,
postgres,,12288,80,5,25,OK,,,,,,,,,302.4,,,,,,,,,,,,,,,,
