arm,period_lo,period_hi,run,total_ms,open_ms,source_ms,operators_ms,rows,heap_path,tuples_deformed,attrs_deformed,attrs_requested
bad-deform,90,91,1,49.5,0.0,49.0,0.0,0,deform,1000008,9000072,5
bad-deform,90,91,2,48.6,0.0,48.0,0.0,0,deform,1000008,9000072,5
bad-deform,90,91,3,49.0,0.0,48.5,0.0,0,deform,1000008,9000072,5
bad-deform,90,91,4,56.3,0.0,55.9,0.0,0,deform,1000008,9000072,5
bad-deform,90,91,5,56.6,0.0,56.1,0.0,0,deform,1000008,9000072,5
fixedlayout-deform,90,91,1,47.7,0.0,47.2,0.0,0,deform,1000008,9000072,5
fixedlayout-deform,90,91,2,45.9,0.0,45.5,0.0,0,deform,1000008,9000072,5
fixedlayout-deform,90,91,3,45.6,0.0,45.1,0.0,0,deform,1000008,9000072,5
fixedlayout-deform,90,91,4,51.0,0.0,50.5,0.0,0,deform,1000008,9000072,5
fixedlayout-deform,90,91,5,47.9,0.0,47.5,0.0,0,deform,1000008,9000072,5
fixedlayout-fixed,90,91,1,19.0,0.0,18.6,0.0,0,fixed,0,0,5
fixedlayout-fixed,90,91,2,18.0,0.0,17.5,0.0,0,fixed,0,0,5
fixedlayout-fixed,90,91,3,20.3,0.0,19.8,0.0,0,fixed,0,0,5
fixedlayout-fixed,90,91,4,18.2,0.0,17.7,0.0,0,fixed,0,0,5
fixedlayout-fixed,90,91,5,20.4,0.0,20.0,0.0,0,fixed,0,0,5
bad-deform,1,1,1,53.1,0.0,51.8,0.9,83334,deform,1000008,9000072,5
bad-deform,1,1,2,53.1,0.0,51.6,0.9,83334,deform,1000008,9000072,5
bad-deform,1,1,3,54.4,0.0,53.0,0.9,83334,deform,1000008,9000072,5
bad-deform,1,1,4,54.9,0.0,53.4,0.9,83334,deform,1000008,9000072,5
bad-deform,1,1,5,55.0,0.0,53.8,0.8,83334,deform,1000008,9000072,5
fixedlayout-deform,1,1,1,49.4,0.0,47.9,0.9,83334,deform,1000008,9000072,5
fixedlayout-deform,1,1,2,48.2,0.0,46.9,0.9,83334,deform,1000008,9000072,5
fixedlayout-deform,1,1,3,51.5,0.0,49.8,1.1,83334,deform,1000008,9000072,5
fixedlayout-deform,1,1,4,60.5,0.0,59.1,0.9,83334,deform,1000008,9000072,5
fixedlayout-deform,1,1,5,48.4,0.0,46.9,0.9,83334,deform,1000008,9000072,5
fixedlayout-fixed,1,1,1,22.2,0.0,20.7,0.8,83334,fixed,0,0,5
fixedlayout-fixed,1,1,2,22.1,0.0,20.7,0.8,83334,fixed,0,0,5
fixedlayout-fixed,1,1,3,22.3,0.0,20.9,0.8,83334,fixed,0,0,5
fixedlayout-fixed,1,1,4,22.4,0.0,21.0,0.8,83334,fixed,0,0,5
fixedlayout-fixed,1,1,5,23.9,0.0,22.4,0.9,83334,fixed,0,0,5
bad-deform,1,12,1,81.8,0.0,74.0,7.4,1000008,deform,1000008,9000072,5
bad-deform,1,12,2,83.3,0.0,75.3,7.6,1000008,deform,1000008,9000072,5
bad-deform,1,12,3,83.3,0.0,75.0,7.8,1000008,deform,1000008,9000072,5
bad-deform,1,12,4,79.5,0.0,71.6,7.3,1000008,deform,1000008,9000072,5
bad-deform,1,12,5,78.2,0.0,70.5,7.2,1000008,deform,1000008,9000072,5
fixedlayout-deform,1,12,1,74.0,0.0,66.3,7.1,1000008,deform,1000008,9000072,5
fixedlayout-deform,1,12,2,75.4,0.0,67.6,7.3,1000008,deform,1000008,9000072,5
fixedlayout-deform,1,12,3,79.6,0.0,71.4,7.7,1000008,deform,1000008,9000072,5
fixedlayout-deform,1,12,4,77.6,0.0,69.5,7.5,1000008,deform,1000008,9000072,5
fixedlayout-deform,1,12,5,78.5,0.0,69.9,8.0,1000008,deform,1000008,9000072,5
fixedlayout-fixed,1,12,1,39.3,0.0,30.2,7.3,1000008,fixed,0,0,5
fixedlayout-fixed,1,12,2,41.0,0.0,32.1,7.3,1000008,fixed,0,0,5
fixedlayout-fixed,1,12,3,43.9,0.0,33.9,8.0,1000008,fixed,0,0,5
fixedlayout-fixed,1,12,4,42.2,0.0,31.9,8.4,1000008,fixed,0,0,5
fixedlayout-fixed,1,12,5,42.8,0.0,33.4,7.5,1000008,fixed,0,0,5
pgcolumnar,1,1,1,10.2,0.2,8.7,0.8,83334,n/a,,,
pgcolumnar,1,1,2,10.0,0.2,8.3,0.9,83334,n/a,,,
pgcolumnar,1,1,3,15.9,0.3,13.4,1.5,83334,n/a,,,
pgcolumnar,1,1,4,10.0,0.3,8.4,0.8,83334,n/a,,,
pgcolumnar,1,1,5,9.9,0.2,8.4,0.8,83334,n/a,,,
pgcolumnar,1,12,1,76.1,0.3,61.4,13.8,1000008,n/a,,,
pgcolumnar,1,12,2,43.2,0.3,35.3,7.1,1000008,n/a,,,
pgcolumnar,1,12,3,44.2,0.2,36.2,7.3,1000008,n/a,,,
pgcolumnar,1,12,4,42.0,0.2,34.2,7.1,1000008,n/a,,,
pgcolumnar,1,12,5,44.1,0.2,36.0,7.3,1000008,n/a,,,
