path,run,boundary,total_ms,build_ms,source_ms,filter_ms,join1_ms,join2_ms,agg_ms
xpb_heap,1,stages,141.8,0.2,133.9,,2.3,2.6,3.0
xpb_heap,2,stages,132.5,0.2,125.6,,1.8,2.2,2.8
xpb_heap,3,stages,127.3,0.2,120.2,,1.8,2.3,3.0
xpb_heap,4,stages,125.7,0.2,118.7,,1.8,2.3,2.9
xpb_heap,5,stages,154.7,0.1,141.8,,4.5,4.2,4.3
xpb_zlfs,1,stages,7.0,0.1,0.0,,1.8,2.2,3.0
xpb_zlfs,2,stages,11.7,0.2,0.0,,3.6,4.2,3.9
xpb_zlfs,3,stages,7.2,0.2,0.0,,2.0,2.4,2.9
xpb_zlfs,4,stages,6.9,0.2,0.0,,1.8,2.3,2.8
xpb_zlfs,5,stages,8.7,0.2,0.0,,2.3,3.1,3.3
xpb_pgcolumnar,1,stages,36.4,0.2,29.5,,2.0,2.2,2.7
xpb_pgcolumnar,2,stages,39.0,0.2,30.8,,2.4,2.5,3.2
xpb_pgcolumnar,3,stages,33.8,0.3,26.5,,1.8,2.3,3.2
xpb_pgcolumnar,4,stages,33.7,0.1,26.5,,1.8,2.4,2.9
xpb_pgcolumnar,5,stages,33.5,0.1,26.7,,1.9,2.2,2.8
xpb_parquet,1,stages,28.6,0.2,19.9,1.3,2.0,2.4,2.9
xpb_parquet,2,stages,31.7,0.2,22.3,1.5,2.2,2.6,3.1
xpb_parquet,3,stages,31.3,0.2,21.5,1.3,2.2,3.1,3.1
xpb_parquet,4,stages,29.2,0.2,20.6,1.2,1.9,2.4,3.0
xpb_parquet,5,stages,30.0,0.2,21.4,1.3,1.9,2.4,2.9
xpb_parquet,1,whole_statement,34.679,,,,,,
xpb_parquet,2,whole_statement,35.039,,,,,,
xpb_parquet,3,whole_statement,34.382,,,,,,
xpb_parquet,4,whole_statement,35.298,,,,,,
xpb_parquet,5,whole_statement,34.025,,,,,,
xpb_parquet,6,whole_statement,33.767,,,,,,
xpb_parquet,7,whole_statement,34.883,,,,,,
xpb_parquet,8,whole_statement,34.994,,,,,,
xpb_parquet,9,whole_statement,33.538,,,,,,
xpb_parquet,10,whole_statement,50.062,,,,,,
xpb_parquet,11,whole_statement,43.312,,,,,,
xpb_parquet,12,whole_statement,49.258,,,,,,
xpb_parquet,13,whole_statement,45.519,,,,,,
xpb_parquet,14,whole_statement,56.081,,,,,,
xpb_parquet,15,whole_statement,44.811,,,,,,
duckdb_parquet,1,whole_query,59.9,,,,,,
duckdb_parquet,2,whole_query,49.1,,,,,,
duckdb_parquet,3,whole_query,51.9,,,,,,
duckdb_parquet,4,whole_query,66.0,,,,,,
duckdb_parquet,5,whole_query,65.1,,,,,,
duckdb_parquet,6,whole_query,51.6,,,,,,
duckdb_parquet,7,whole_query,57.6,,,,,,
duckdb_parquet,8,whole_query,62.5,,,,,,
duckdb_parquet,9,whole_query,59.8,,,,,,
duckdb_parquet,10,whole_query,52.9,,,,,,
duckdb_parquet,11,whole_query,50.6,,,,,,
duckdb_parquet,12,whole_query,52.7,,,,,,
duckdb_parquet,13,whole_query,51.7,,,,,,
duckdb_parquet,14,whole_query,51.4,,,,,,
duckdb_parquet,15,whole_query,50.6,,,,,,
vanilla,1,whole_statement,785.392,,,,,,
vanilla,2,whole_statement,702.670,,,,,,
vanilla,3,whole_statement,614.555,,,,,,
vanilla,4,whole_statement,762.376,,,,,,
vanilla,5,whole_statement,658.458,,,,,,
native_columnar,1,whole_statement,507.528,,,,,,
native_columnar,2,whole_statement,345.326,,,,,,
native_columnar,3,whole_statement,382.230,,,,,,
native_columnar,4,whole_statement,398.320,,,,,,
native_columnar,5,whole_statement,388.164,,,,,,
