path,run,total_ms,source_ms,filter_ms,join1_ms,join2_ms,agg_ms
xpb_heap,1,156.6,144.1,,4.1,4.1,4.4
xpb_heap,2,142.8,134.0,,2.2,3.2,3.4
xpb_heap,3,125.8,118.7,,1.9,2.4,2.8
xpb_heap,4,144.5,136.0,,2.5,2.9,3.1
xpb_heap,5,150.2,142.7,,2.0,2.5,3.1
xpb_zlfs,1,7.1,0.0,,2.0,2.3,2.8
xpb_zlfs,2,9.5,0.0,,2.8,3.0,3.7
xpb_zlfs,3,8.7,0.0,,2.3,2.9,3.6
xpb_zlfs,4,7.8,0.0,,2.1,2.7,3.0
xpb_zlfs,5,11.9,0.0,,4.0,3.9,3.9
xpb_pgcolumnar,1,58.7,46.9,,2.9,3.4,5.5
xpb_pgcolumnar,2,63.8,50.2,,4.3,4.3,5.0
xpb_pgcolumnar,3,64.3,50.6,,5.1,4.2,4.4
xpb_pgcolumnar,4,37.9,29.8,,2.2,2.9,3.0
xpb_pgcolumnar,5,50.5,39.7,,3.4,3.4,4.0
xpb_parquet,1,36.2,25.4,1.8,2.5,3.0,3.4
xpb_parquet,2,39.2,28.1,1.7,2.5,3.0,3.7
xpb_parquet,3,39.7,29.0,1.7,2.5,3.1,3.4
xpb_parquet,4,41.9,27.8,2.1,3.9,4.1,3.9
xpb_parquet,5,36.7,24.3,1.8,3.3,3.0,4.2
duckdb_parquet,1,43.1,,,,,
duckdb_parquet,2,42.3,,,,,
duckdb_parquet,3,46.9,,,,,
duckdb_parquet,4,44.9,,,,,
duckdb_parquet,5,42.3,,,,,
vanilla,1,908.129,,,,,
vanilla,2,1030.783,,,,,
vanilla,3,892.146,,,,,
vanilla,4,772.956,,,,,
vanilla,5,712.350,,,,,
native_columnar,1,467.053,,,,,
native_columnar,2,430.444,,,,,
native_columnar,3,427.909,,,,,
native_columnar,4,433.749,,,,,
native_columnar,5,443.649,,,,,
